Plot Title: High - Closed 6-10-10,,,,,,,,
#,"Date Time, GMT-04:00","Temp, ?C (LGR S/N: 2415625, SEN S/N: 2415625)","Intensity, Lux (LGR S/N: 2415625, SEN S/N: 2415625)","Batt, V (LGR S/N: 2415625, SEN S/N: 2415625)","Coupler Attached (LGR S/N: 2415625, SEN S/N: 2415625)","Host Connected (LGR S/N: 2415625, SEN S/N: 2415625)","Stopped (LGR S/N: 2415625, SEN S/N: 2415625)","End Of File (LGR S/N: 2415625, SEN S/N: 2415625)"
1,6/10/2010 16:00,23.677,22044.6,3.22,,,,
2,6/10/2010 16:05,23.004,17911.2,3.22,,,,
3,6/10/2010 16:10,23.004,22044.6,3.22,,,,
4,6/10/2010 16:15,22.333,14466.8,3.19,,,,
5,6/10/2010 16:20,21.855,11022.3,3.19,,,,
6,6/10/2010 16:25,22.046,19289,3.19,,,,
7,6/10/2010 16:30,22.046,13777.9,3.19,,,,
8,6/10/2010 16:35,21.951,8266.7,3.19,,,,
9,6/10/2010 16:40,22.046,19977.9,3.19,,,,
10,6/10/2010 16:45,22.142,13089,3.19,,,,
11,6/10/2010 16:50,21.664,16533.4,3.19,,,,
12,6/10/2010 16:55,22.142,9300.1,3.19,,,,
13,6/10/2010 17:00,22.238,7577.8,3.19,,,,
14,6/10/2010 17:05,21.378,5338.9,3.19,,,,
15,6/10/2010 17:10,21.187,15844.5,3.19,,,,
16,6/10/2010 17:15,21.091,5338.9,3.19,,,,
17,6/10/2010 17:20,20.901,5511.1,3.19,,,,
18,6/10/2010 17:25,20.901,12400.1,3.19,,,,
19,6/10/2010 17:30,21.187,11022.3,3.19,,,,
20,6/10/2010 17:35,21.282,9300.1,3.19,,,,
21,6/10/2010 17:40,21.091,5338.9,3.19,,,,
22,6/10/2010 17:45,20.901,9300.1,3.19,,,,
23,6/10/2010 17:50,20.71,3444.5,3.19,,,,
24,6/10/2010 17:55,20.329,4305.6,3.19,,,,
25,6/10/2010 18:00,20.329,2927.8,3.19,,,,
26,6/10/2010 18:05,20.519,6200,3.19,,,,
27,6/10/2010 18:10,20.424,5511.1,3.19,,,,
28,6/10/2010 18:15,20.329,5511.1,3.19,,,,
29,6/10/2010 18:20,20.234,5166.7,3.19,,,,
30,6/10/2010 18:25,20.138,5338.9,3.19,,,,
31,6/10/2010 18:30,19.948,3788.9,3.19,,,,
32,6/10/2010 18:35,19.853,2066.7,3.19,,,,
33,6/10/2010 18:40,19.662,4133.4,3.19,,,,
34,6/10/2010 18:45,19.567,3272.2,3.22,,,,
35,6/10/2010 18:50,19.472,4477.8,3.22,,,,
36,6/10/2010 18:55,19.567,3961.1,3.22,,,,
37,6/10/2010 19:00,19.472,3444.5,3.22,,,,
38,6/10/2010 19:05,19.282,2066.7,3.22,,,,
39,6/10/2010 19:10,19.282,3272.2,3.22,,,,
40,6/10/2010 19:15,19.187,2411.1,3.22,,,,
41,6/10/2010 19:20,19.092,2669.5,3.22,,,,
42,6/10/2010 19:25,19.092,2066.7,3.22,,,,
43,6/10/2010 19:30,18.901,1636.1,3.19,,,,
44,6/10/2010 19:35,18.806,1463.9,3.19,,,,
45,6/10/2010 19:40,18.616,1280.9,3.19,,,,
46,6/10/2010 19:45,18.521,1162.5,3.19,,,,
47,6/10/2010 19:50,18.331,1033.3,3.19,,,,
48,6/10/2010 19:55,18.236,958,3.19,,,,
49,6/10/2010 20:00,18.045,828.8,3.19,,,,
50,6/10/2010 20:05,17.95,721.2,3.19,,,,
51,6/10/2010 20:10,17.76,527.4,3.19,,,,
52,6/10/2010 20:15,17.57,624.3,3.19,,,,
53,6/10/2010 20:20,17.284,538.2,3.19,,,,
54,6/10/2010 20:25,16.999,387.5,3.19,,,,
55,6/10/2010 20:30,16.903,333.7,3.19,,,,
56,6/10/2010 20:35,16.713,204.5,3.19,,,,
57,6/10/2010 20:40,16.618,75.3,3.19,,,,
58,6/10/2010 20:45,16.523,43.1,3.19,,,,
59,6/10/2010 20:50,16.332,21.5,3.19,,,,
60,6/10/2010 20:55,16.141,0,3.19,,,,
61,6/10/2010 21:00,16.046,0,3.19,,,,
62,6/10/2010 21:05,15.855,0,3.19,,,,
63,6/10/2010 21:10,15.76,0,3.19,,,,
64,6/10/2010 21:15,15.569,0,3.19,,,,
65,6/10/2010 21:20,15.473,0,3.19,,,,
66,6/10/2010 21:25,15.282,0,3.19,,,,
67,6/10/2010 21:30,15.187,0,3.19,,,,
68,6/10/2010 21:35,14.996,0,3.19,,,,
69,6/10/2010 21:40,14.804,0,3.19,,,,
70,6/10/2010 21:45,14.613,0,3.19,,,,
71,6/10/2010 21:50,14.517,0,3.19,,,,
72,6/10/2010 21:55,14.421,0,3.19,,,,
73,6/10/2010 22:00,14.325,0,3.19,,,,
74,6/10/2010 22:05,14.134,0,3.19,,,,
75,6/10/2010 22:10,14.038,0,3.19,,,,
76,6/10/2010 22:15,13.846,0,3.19,,,,
77,6/10/2010 22:20,13.75,0,3.19,,,,
78,6/10/2010 22:25,13.654,0,3.19,,,,
79,6/10/2010 22:30,13.558,0,3.19,,,,
80,6/10/2010 22:35,13.461,0,3.19,,,,
81,6/10/2010 22:40,13.365,0,3.19,,,,
82,6/10/2010 22:45,13.269,0,3.19,,,,
83,6/10/2010 22:50,13.173,0,3.19,,,,
84,6/10/2010 22:55,13.173,0,3.19,,,,
85,6/10/2010 23:00,13.173,0,3.19,,,,
86,6/10/2010 23:05,13.076,0,3.19,,,,
87,6/10/2010 23:10,13.076,0,3.19,,,,
88,6/10/2010 23:15,12.98,0,3.19,,,,
89,6/10/2010 23:20,12.98,0,3.19,,,,
90,6/10/2010 23:25,12.787,0,3.19,,,,
91,6/10/2010 23:30,12.787,0,3.19,,,,
92,6/10/2010 23:35,12.787,0,3.19,,,,
93,6/10/2010 23:40,12.69,0,3.19,,,,
94,6/10/2010 23:45,12.594,0,3.19,,,,
95,6/10/2010 23:50,12.401,0,3.19,,,,
96,6/10/2010 23:55,12.497,0,3.19,,,,
97,6/11/2010 0:00,12.401,0,3.19,,,,
98,6/11/2010 0:05,12.401,0,3.19,,,,
99,6/11/2010 0:10,12.497,0,3.19,,,,
100,6/11/2010 0:15,12.497,0,3.19,,,,
101,6/11/2010 0:20,12.594,0,3.19,,,,
102,6/11/2010 0:25,12.497,0,3.19,,,,
103,6/11/2010 0:30,12.497,0,3.19,,,,
104,6/11/2010 0:35,12.401,0,3.19,,,,
105,6/11/2010 0:40,12.401,0,3.19,,,,
106,6/11/2010 0:45,12.207,0,3.19,,,,
107,6/11/2010 0:50,12.207,0,3.19,,,,
108,6/11/2010 0:55,12.207,0,3.19,,,,
109,6/11/2010 1:00,12.013,0,3.17,,,,
110,6/11/2010 1:05,12.11,0,3.17,,,,
111,6/11/2010 1:10,12.11,0,3.17,,,,
112,6/11/2010 1:15,12.207,0,3.17,,,,
113,6/11/2010 1:20,12.304,0,3.17,,,,
114,6/11/2010 1:25,12.304,0,3.17,,,,
115,6/11/2010 1:30,12.207,0,3.17,,,,
116,6/11/2010 1:35,12.207,0,3.17,,,,
117,6/11/2010 1:40,12.207,0,3.17,,,,
118,6/11/2010 1:45,12.11,0,3.17,,,,
119,6/11/2010 1:50,12.11,0,3.17,,,,
120,6/11/2010 1:55,12.11,0,3.17,,,,
121,6/11/2010 2:00,12.11,0,3.17,,,,
122,6/11/2010 2:05,12.013,0,3.17,,,,
123,6/11/2010 2:10,12.013,0,3.17,,,,
124,6/11/2010 2:15,12.013,0,3.17,,,,
125,6/11/2010 2:20,11.819,0,3.17,,,,
126,6/11/2010 2:25,11.819,0,3.17,,,,
127,6/11/2010 2:30,11.722,0,3.17,,,,
128,6/11/2010 2:35,11.722,0,3.17,,,,
129,6/11/2010 2:40,11.722,0,3.17,,,,
130,6/11/2010 2:45,11.819,0,3.17,,,,
131,6/11/2010 2:50,11.722,0,3.17,,,,
132,6/11/2010 2:55,11.722,0,3.17,,,,
133,6/11/2010 3:00,11.528,0,3.17,,,,
134,6/11/2010 3:05,11.334,0,3.17,,,,
135,6/11/2010 3:10,11.334,0,3.17,,,,
136,6/11/2010 3:15,11.528,0,3.17,,,,
137,6/11/2010 3:20,11.625,0,3.17,,,,
138,6/11/2010 3:25,11.625,0,3.17,,,,
139,6/11/2010 3:30,11.722,0,3.17,,,,
140,6/11/2010 3:35,11.722,0,3.17,,,,
141,6/11/2010 3:40,11.625,0,3.17,,,,
142,6/11/2010 3:45,11.625,0,3.17,,,,
143,6/11/2010 3:50,11.625,0,3.17,,,,
144,6/11/2010 3:55,11.625,0,3.17,,,,
145,6/11/2010 4:00,11.625,0,3.17,,,,
146,6/11/2010 4:05,11.625,0,3.17,,,,
147,6/11/2010 4:10,11.625,0,3.17,,,,
148,6/11/2010 4:15,11.625,0,3.17,,,,
149,6/11/2010 4:20,11.625,0,3.17,,,,
150,6/11/2010 4:25,11.625,0,3.17,,,,
151,6/11/2010 4:30,11.625,0,3.17,,,,
152,6/11/2010 4:35,11.625,0,3.17,,,,
153,6/11/2010 4:40,11.625,0,3.17,,,,
154,6/11/2010 4:45,11.528,0,3.17,,,,
155,6/11/2010 4:50,11.528,0,3.17,,,,
156,6/11/2010 4:55,11.528,0,3.17,,,,
157,6/11/2010 5:00,11.625,0,3.17,,,,
158,6/11/2010 5:05,11.625,0,3.17,,,,
159,6/11/2010 5:10,11.625,0,3.17,,,,
160,6/11/2010 5:15,11.625,0,3.17,,,,
161,6/11/2010 5:20,11.722,0,3.17,,,,
162,6/11/2010 5:25,11.722,0,3.17,,,,
163,6/11/2010 5:30,11.722,0,3.17,,,,
164,6/11/2010 5:35,11.625,0,3.17,,,,
165,6/11/2010 5:40,11.625,43.1,3.17,,,,
166,6/11/2010 5:45,11.528,75.3,3.17,,,,
167,6/11/2010 5:50,11.528,86.1,3.17,,,,
168,6/11/2010 5:55,11.528,139.9,3.17,,,,
169,6/11/2010 6:00,11.528,226,3.17,,,,
170,6/11/2010 6:05,11.528,269.1,3.17,,,,
171,6/11/2010 6:10,11.625,333.7,3.17,,,,
172,6/11/2010 6:15,11.625,366,3.17,,,,
173,6/11/2010 6:20,11.625,344.4,3.17,,,,
174,6/11/2010 6:25,11.625,366,3.17,,,,
175,6/11/2010 6:30,11.722,775,3.17,,,,
176,6/11/2010 6:35,11.819,1636.1,3.17,,,,
177,6/11/2010 6:40,11.819,2152.8,3.17,,,,
178,6/11/2010 6:45,12.013,2927.8,3.17,,,,
179,6/11/2010 6:50,12.207,2325,3.17,,,,
180,6/11/2010 6:55,12.401,3100,3.17,,,,
181,6/11/2010 7:00,12.594,3616.7,3.17,,,,
182,6/11/2010 7:05,12.787,3444.5,3.17,,,,
183,6/11/2010 7:10,12.98,4650,3.17,,,,
184,6/11/2010 7:15,13.461,8611.2,3.17,,,,
185,6/11/2010 7:20,13.75,4477.8,3.17,,,,
186,6/11/2010 7:25,13.846,5511.1,3.17,,,,
187,6/11/2010 7:30,13.846,3100,3.17,,,,
188,6/11/2010 7:35,13.942,3616.7,3.17,,,,
189,6/11/2010 7:40,14.038,2238.9,3.17,,,,
190,6/11/2010 7:45,13.942,1550,3.17,,,,
191,6/11/2010 7:50,13.942,1291.7,3.17,,,,
192,6/11/2010 7:55,14.613,11711.2,3.17,,,,
193,6/11/2010 8:00,14.996,7577.8,3.17,,,,
194,6/11/2010 8:05,15.282,8266.7,3.14,,,,
195,6/11/2010 8:10,15.569,9300.1,3.14,,,,
196,6/11/2010 8:15,15.951,9300.1,3.14,,,,
197,6/11/2010 8:20,16.427,9644.5,3.14,,,,
198,6/11/2010 8:25,16.903,9644.5,3.14,,,,
199,6/11/2010 8:30,17.189,10677.8,3.17,,,,
200,6/11/2010 8:35,17.665,10677.8,3.17,,,,
201,6/11/2010 8:40,18.045,11022.3,3.17,,,,
202,6/11/2010 8:45,18.426,11022.3,3.17,,,,
203,6/11/2010 8:50,18.901,12400.1,3.17,,,,
204,6/11/2010 8:55,19.187,12400.1,3.17,,,,
205,6/11/2010 9:00,19.662,16533.4,3.14,,,,
206,6/11/2010 9:05,20.043,13777.9,3.14,,,,
207,6/11/2010 9:10,20.043,12400.1,3.14,,,,
208,6/11/2010 9:15,20.043,13089,3.14,,,,
209,6/11/2010 9:20,20.043,13777.9,3.14,,,,
210,6/11/2010 9:25,20.234,14466.8,3.14,,,,
211,6/11/2010 9:30,20.329,14466.8,3.14,,,,
212,6/11/2010 9:35,20.424,15155.7,3.14,,,,
213,6/11/2010 9:40,20.71,15844.5,3.14,,,,
214,6/11/2010 9:45,20.901,15844.5,3.14,,,,
215,6/11/2010 9:50,20.996,16533.4,3.14,,,,
216,6/11/2010 9:55,21.664,18600.1,3.14,,,,
217,6/11/2010 10:00,22.238,22044.6,3.14,,,,
218,6/11/2010 10:05,21.855,17911.2,3.14,,,,
219,6/11/2010 10:10,21.569,19289,3.14,,,,
220,6/11/2010 10:15,21.76,18600.1,3.14,,,,
221,6/11/2010 10:20,21.855,19289,3.14,,,,
222,6/11/2010 10:25,22.046,19289,3.14,,,,
223,6/11/2010 10:30,22.046,19977.9,3.14,,,,
224,6/11/2010 10:35,22.142,20666.8,3.14,,,,
225,6/11/2010 10:40,22.525,21355.7,3.14,,,,
226,6/11/2010 10:45,22.525,22044.6,3.14,,,,
227,6/11/2010 10:50,22.717,24800.2,3.14,,,,
228,6/11/2010 10:55,23.1,22044.6,3.14,,,,
229,6/11/2010 11:00,23.677,26178,3.14,,,,
230,6/11/2010 11:05,23.869,31689.1,3.17,,,,
231,6/11/2010 11:10,24.255,26178,3.17,,,,
232,6/11/2010 11:15,25.125,24800.2,3.14,,,,
233,6/11/2010 11:20,24.351,26178,3.17,,,,
234,6/11/2010 11:25,24.738,74400.5,3.17,,,,
235,6/11/2010 11:30,26.683,46844.8,3.14,,,,
236,6/11/2010 11:35,27.468,176356.7,3.14,,,,
237,6/11/2010 11:40,29.853,104711.8,3.12,,,,
238,6/11/2010 11:45,29.552,93689.5,3.14,,,,
239,6/11/2010 11:50,27.37,34444.7,3.14,,,,
240,6/11/2010 11:55,27.764,93689.5,3.14,,,,
241,6/11/2010 12:00,27.37,44089.2,3.14,,,,
242,6/11/2010 12:05,27.272,27555.7,3.14,,,,
243,6/11/2010 12:10,26.683,26178,3.14,,,,
244,6/11/2010 12:15,26.097,33066.9,3.14,,,,
245,6/11/2010 12:20,25.708,24800.2,3.14,,,,
246,6/11/2010 12:25,25.319,28933.5,3.14,,,,
247,6/11/2010 12:30,25.222,26178,3.14,,,,
248,6/11/2010 12:35,24.931,24800.2,3.17,,,,
249,6/11/2010 12:40,25.125,24800.2,3.14,,,,
250,6/11/2010 12:45,25.319,30311.3,3.14,,,,
251,6/11/2010 12:50,24.641,15155.7,3.17,,,,
252,6/11/2010 12:55,23.869,19289,3.17,,,,
253,6/11/2010 13:00,23.869,20666.8,3.14,,,,
254,6/11/2010 13:05,23.773,17222.3,3.14,,,,
255,6/11/2010 13:10,23.581,18600.1,3.14,,,,
256,6/11/2010 13:15,23.581,19977.9,3.14,,,,
257,6/11/2010 13:20,23.773,20666.8,3.14,,,,
258,6/11/2010 13:25,23.966,21355.7,3.17,,,,
259,6/11/2010 13:30,24.062,20666.8,3.17,,,,
260,6/11/2010 13:35,23.869,19977.9,3.14,,,,
261,6/11/2010 13:40,23.869,21355.7,3.14,,,,
262,6/11/2010 13:45,24.062,17911.2,3.14,,,,
263,6/11/2010 13:50,23.484,12400.1,3.14,,,,
264,6/11/2010 13:55,23.1,12400.1,3.14,,,,
265,6/11/2010 14:00,23.004,9644.5,3.14,,,,
266,6/11/2010 14:05,22.429,5166.7,3.14,,,,
267,6/11/2010 14:10,21.855,6200,3.14,,,,
268,6/11/2010 14:15,21.473,5166.7,3.14,,,,
269,6/11/2010 14:20,21.282,7233.4,3.14,,,,
270,6/11/2010 14:25,21.282,7577.8,3.14,,,,
271,6/11/2010 14:30,21.282,6544.5,3.14,,,,
272,6/11/2010 14:35,21.187,6544.5,3.14,,,,
273,6/11/2010 14:40,21.187,7233.4,3.14,,,,
274,6/11/2010 14:45,21.091,6200,3.14,,,,
275,6/11/2010 14:50,20.996,7577.8,3.14,,,,
276,6/11/2010 14:55,21.091,11022.3,3.14,,,,
277,6/11/2010 15:00,21.378,11022.3,3.14,,,,
278,6/11/2010 15:05,21.855,13089,3.14,,,,
279,6/11/2010 15:10,22.333,15844.5,3.14,,,,
280,6/11/2010 15:15,22.717,23422.4,3.14,,,,
281,6/11/2010 15:20,23.773,27555.7,3.14,,,,
282,6/11/2010 15:25,24.062,17222.3,3.14,,,,
283,6/11/2010 15:30,23.869,19289,3.14,,,,
284,6/11/2010 15:35,23.581,13089,3.14,,,,
285,6/11/2010 15:40,23.196,12400.1,3.14,,,,
286,6/11/2010 15:45,23.196,15155.7,3.14,,,,
287,6/11/2010 15:50,23.1,12400.1,3.14,,,,
288,6/11/2010 15:55,23.1,11711.2,3.14,,,,
289,6/11/2010 16:00,23.196,15155.7,3.14,,,,
290,6/11/2010 16:05,23.292,14466.8,3.14,,,,
291,6/11/2010 16:10,23.292,12400.1,3.14,,,,
292,6/11/2010 16:15,23.581,24800.2,3.14,,,,
293,6/11/2010 16:20,23.869,15155.7,3.14,,,,
294,6/11/2010 16:25,23.966,16533.4,3.14,,,,
295,6/11/2010 16:30,23.484,12400.1,3.14,,,,
296,6/11/2010 16:35,23.581,12400.1,3.14,,,,
297,6/11/2010 16:40,23.677,14466.8,3.14,,,,
298,6/11/2010 16:45,23.677,11711.2,3.14,,,,
299,6/11/2010 16:50,23.292,4477.8,3.14,,,,
300,6/11/2010 16:55,23.581,30311.3,3.14,,,,
301,6/11/2010 17:00,24.255,38578,3.14,,,,
302,6/11/2010 17:05,24.158,38578,3.14,,,,
303,6/11/2010 17:10,24.351,10333.4,3.14,,,,
304,6/11/2010 17:15,23.773,8611.2,3.14,,,,
305,6/11/2010 17:20,23.388,8266.7,3.14,,,,
306,6/11/2010 17:25,23.196,8266.7,3.14,,,,
307,6/11/2010 17:30,23.1,8611.2,3.14,,,,
308,6/11/2010 17:35,22.717,6544.5,3.14,,,,
309,6/11/2010 17:40,22.812,9300.1,3.14,,,,
310,6/11/2010 17:45,22.717,7233.4,3.14,,,,
311,6/11/2010 17:50,22.812,7577.8,3.14,,,,
312,6/11/2010 17:55,22.812,6544.5,3.14,,,,
313,6/11/2010 18:00,22.812,6544.5,3.14,,,,
314,6/11/2010 18:05,22.621,5511.1,3.14,,,,
315,6/11/2010 18:10,22.142,2669.5,3.14,,,,
316,6/11/2010 18:15,21.855,2755.6,3.14,,,,
317,6/11/2010 18:20,21.664,3788.9,3.14,,,,
318,6/11/2010 18:25,21.282,5166.7,3.14,,,,
319,6/11/2010 18:30,21.187,3961.1,3.14,,,,
320,6/11/2010 18:35,21.091,4133.4,3.14,,,,
321,6/11/2010 18:40,21.187,5166.7,3.14,,,,
322,6/11/2010 18:45,21.187,3961.1,3.14,,,,
323,6/11/2010 18:50,20.996,3272.2,3.14,,,,
324,6/11/2010 18:55,20.805,2755.6,3.14,,,,
325,6/11/2010 19:00,20.71,2411.1,3.14,,,,
326,6/11/2010 19:05,20.805,2669.5,3.14,,,,
327,6/11/2010 19:10,20.519,2066.7,3.14,,,,
328,6/11/2010 19:15,20.329,2411.1,3.12,,,,
329,6/11/2010 19:20,20.234,2927.8,3.12,,,,
330,6/11/2010 19:25,20.138,3100,3.12,,,,
331,6/11/2010 19:30,19.948,2325,3.12,,,,
332,6/11/2010 19:35,19.758,1377.8,3.12,,,,
333,6/11/2010 19:40,19.567,893.4,3.14,,,,
334,6/11/2010 19:45,19.282,775,3.14,,,,
335,6/11/2010 19:50,19.092,613.5,3.14,,,,
336,6/11/2010 19:55,18.996,344.4,3.14,,,,
337,6/11/2010 20:00,18.901,398.3,3.14,,,,
338,6/11/2010 20:05,18.711,484.4,3.14,,,,
339,6/11/2010 20:10,18.616,753.5,3.14,,,,
340,6/11/2010 20:15,18.616,505.9,3.14,,,,
341,6/11/2010 20:20,18.426,333.7,3.14,,,,
342,6/11/2010 20:25,18.331,247.6,3.14,,,,
343,6/11/2010 20:30,18.236,161.5,3.14,,,,
344,6/11/2010 20:35,18.14,86.1,3.14,,,,
345,6/11/2010 20:40,17.95,43.1,3.14,,,,
346,6/11/2010 20:45,17.855,21.5,3.14,,,,
347,6/11/2010 20:50,17.76,10.8,3.14,,,,
348,6/11/2010 20:55,17.665,0,3.14,,,,
349,6/11/2010 21:00,17.475,0,3.14,,,,
350,6/11/2010 21:05,17.379,0,3.14,,,,
351,6/11/2010 21:10,17.189,0,3.14,,,,
352,6/11/2010 21:15,17.094,0,3.14,,,,
353,6/11/2010 21:20,16.903,0,3.14,,,,
354,6/11/2010 21:25,16.713,0,3.14,,,,
355,6/11/2010 21:30,16.618,0,3.14,,,,
356,6/11/2010 21:35,16.523,0,3.14,,,,
357,6/11/2010 21:40,16.523,0,3.14,,,,
358,6/11/2010 21:45,16.523,0,3.14,,,,
359,6/11/2010 21:50,16.427,0,3.14,,,,
360,6/11/2010 21:55,16.427,0,3.14,,,,
361,6/11/2010 22:00,16.332,0,3.14,,,,
362,6/11/2010 22:05,16.332,0,3.14,,,,
363,6/11/2010 22:10,16.237,0,3.12,,,,
364,6/11/2010 22:15,16.141,0,3.12,,,,
365,6/11/2010 22:20,16.046,0,3.12,,,,
366,6/11/2010 22:25,16.046,0,3.12,,,,
367,6/11/2010 22:30,16.046,0,3.12,,,,
368,6/11/2010 22:35,15.951,0,3.12,,,,
369,6/11/2010 22:40,15.951,0,3.12,,,,
370,6/11/2010 22:45,15.855,0,3.12,,,,
371,6/11/2010 22:50,15.76,0,3.12,,,,
372,6/11/2010 22:55,15.76,0,3.12,,,,
373,6/11/2010 23:00,15.76,0,3.12,,,,
374,6/11/2010 23:05,15.76,0,3.12,,,,
375,6/11/2010 23:10,15.664,0,3.12,,,,
376,6/11/2010 23:15,15.664,0,3.12,,,,
377,6/11/2010 23:20,15.664,0,3.12,,,,
378,6/11/2010 23:25,15.664,0,3.12,,,,
379,6/11/2010 23:30,15.664,0,3.12,,,,
380,6/11/2010 23:35,15.664,0,3.12,,,,
381,6/11/2010 23:40,15.76,0,3.12,,,,
382,6/11/2010 23:45,15.76,0,3.12,,,,
383,6/11/2010 23:50,15.664,0,3.12,,,,
384,6/11/2010 23:55,15.569,0,3.12,,,,
385,6/12/2010 0:00,15.378,0,3.12,,,,
386,6/12/2010 0:05,15.378,0,3.12,,,,
387,6/12/2010 0:10,15.473,0,3.12,,,,
388,6/12/2010 0:15,15.473,0,3.12,,,,
389,6/12/2010 0:20,15.569,0,3.12,,,,
390,6/12/2010 0:25,15.569,0,3.12,,,,
391,6/12/2010 0:30,15.569,0,3.12,,,,
392,6/12/2010 0:35,15.569,0,3.12,,,,
393,6/12/2010 0:40,15.569,0,3.12,,,,
394,6/12/2010 0:45,15.569,0,3.12,,,,
395,6/12/2010 0:50,15.569,0,3.12,,,,
396,6/12/2010 0:55,15.664,0,3.12,,,,
397,6/12/2010 1:00,15.664,0,3.12,,,,
398,6/12/2010 1:05,15.664,0,3.12,,,,
399,6/12/2010 1:10,15.664,0,3.12,,,,
400,6/12/2010 1:15,15.76,0,3.12,,,,
401,6/12/2010 1:20,15.76,0,3.12,,,,
402,6/12/2010 1:25,15.76,0,3.12,,,,
403,6/12/2010 1:30,15.76,0,3.12,,,,
404,6/12/2010 1:35,15.76,0,3.12,,,,
405,6/12/2010 1:40,15.76,0,3.12,,,,
406,6/12/2010 1:45,15.76,0,3.12,,,,
407,6/12/2010 1:50,15.76,0,3.12,,,,
408,6/12/2010 1:55,15.76,0,3.12,,,,
409,6/12/2010 2:00,15.76,0,3.12,,,,
410,6/12/2010 2:05,15.664,0,3.12,,,,
411,6/12/2010 2:10,15.664,0,3.12,,,,
412,6/12/2010 2:15,15.664,0,3.12,,,,
413,6/12/2010 2:20,15.76,0,3.12,,,,
414,6/12/2010 2:25,15.76,0,3.12,,,,
415,6/12/2010 2:30,15.76,0,3.12,,,,
416,6/12/2010 2:35,15.76,0,3.12,,,,
417,6/12/2010 2:40,15.76,0,3.12,,,,
418,6/12/2010 2:45,15.76,0,3.12,,,,
419,6/12/2010 2:50,15.76,0,3.12,,,,
420,6/12/2010 2:55,15.76,0,3.12,,,,
421,6/12/2010 3:00,15.664,0,3.12,,,,
422,6/12/2010 3:05,15.664,0,3.12,,,,
423,6/12/2010 3:10,15.664,0,3.12,,,,
424,6/12/2010 3:15,15.664,0,3.12,,,,
425,6/12/2010 3:20,15.569,0,3.12,,,,
426,6/12/2010 3:25,15.569,0,3.12,,,,
427,6/12/2010 3:30,15.473,0,3.12,,,,
428,6/12/2010 3:35,15.473,0,3.12,,,,
429,6/12/2010 3:40,15.378,0,3.12,,,,
430,6/12/2010 3:45,15.378,0,3.12,,,,
431,6/12/2010 3:50,15.378,0,3.12,,,,
432,6/12/2010 3:55,15.378,0,3.12,,,,
433,6/12/2010 4:00,15.378,0,3.12,,,,
434,6/12/2010 4:05,15.378,0,3.12,,,,
435,6/12/2010 4:10,15.378,0,3.12,,,,
436,6/12/2010 4:15,15.378,0,3.12,,,,
437,6/12/2010 4:20,15.378,0,3.12,,,,
438,6/12/2010 4:25,15.282,0,3.12,,,,
439,6/12/2010 4:30,15.282,0,3.12,,,,
440,6/12/2010 4:35,15.282,0,3.12,,,,
441,6/12/2010 4:40,15.282,0,3.12,,,,
442,6/12/2010 4:45,15.282,0,3.12,,,,
443,6/12/2010 4:50,15.282,0,3.12,,,,
444,6/12/2010 4:55,15.282,0,3.12,,,,
445,6/12/2010 5:00,15.282,0,3.12,,,,
446,6/12/2010 5:05,15.282,0,3.12,,,,
447,6/12/2010 5:10,15.282,0,3.12,,,,
448,6/12/2010 5:15,15.282,0,3.12,,,,
449,6/12/2010 5:20,15.282,0,3.12,,,,
450,6/12/2010 5:25,15.282,0,3.12,,,,
451,6/12/2010 5:30,15.282,0,3.12,,,,
452,6/12/2010 5:35,15.282,0,3.12,,,,
453,6/12/2010 5:40,15.282,10.8,3.12,,,,
454,6/12/2010 5:45,15.282,43.1,3.12,,,,
455,6/12/2010 5:50,15.282,86.1,3.12,,,,
456,6/12/2010 5:55,15.282,150.7,3.12,,,,
457,6/12/2010 6:00,15.282,236.8,3.12,,,,
458,6/12/2010 6:05,15.282,344.4,3.12,,,,
459,6/12/2010 6:10,15.378,419.8,3.12,,,,
460,6/12/2010 6:15,15.378,516.7,3.12,,,,
461,6/12/2010 6:20,15.473,559.7,3.12,,,,
462,6/12/2010 6:25,15.473,678.1,3.12,,,,
463,6/12/2010 6:30,15.569,1259.4,3.12,,,,
464,6/12/2010 6:35,15.76,2152.8,3.12,,,,
465,6/12/2010 6:40,15.951,2755.6,3.12,,,,
466,6/12/2010 6:45,16.141,3100,3.12,,,,
467,6/12/2010 6:50,16.332,3272.2,3.12,,,,
468,6/12/2010 6:55,16.427,2583.4,3.12,,,,
469,6/12/2010 7:00,16.523,4305.6,3.12,,,,
470,6/12/2010 7:05,16.618,4650,3.12,,,,
471,6/12/2010 7:10,16.808,4305.6,3.12,,,,
472,6/12/2010 7:15,16.808,1377.8,3.12,,,,
473,6/12/2010 7:20,16.808,1550,3.12,,,,
474,6/12/2010 7:25,16.903,3272.2,3.12,,,,
475,6/12/2010 7:30,16.903,1722.2,3.12,,,,
476,6/12/2010 7:35,16.999,3272.2,3.12,,,,
477,6/12/2010 7:40,17.189,4305.6,3.12,,,,
478,6/12/2010 7:45,17.379,4477.8,3.12,,,,
479,6/12/2010 7:50,17.855,12400.1,3.12,,,,
480,6/12/2010 7:55,19.092,14466.8,3.12,,,,
481,6/12/2010 8:00,19.187,4822.3,3.12,,,,
482,6/12/2010 8:05,19.567,8611.2,3.12,,,,
483,6/12/2010 8:10,20.329,8266.7,3.1,,,,
484,6/12/2010 8:15,21.187,14466.8,3.12,,,,
485,6/12/2010 8:20,21.951,16533.4,3.12,,,,
486,6/12/2010 8:25,21.951,8611.2,3.12,,,,
487,6/12/2010 8:30,21.664,6200,3.12,,,,
488,6/12/2010 8:35,21.378,6544.5,3.12,,,,
489,6/12/2010 8:40,21.282,3788.9,3.12,,,,
490,6/12/2010 8:45,21.473,17222.3,3.12,,,,
491,6/12/2010 8:50,22.046,13089,3.12,,,,
492,6/12/2010 8:55,22.333,12400.1,3.12,,,,
493,6/12/2010 9:00,22.812,17911.2,3.12,,,,
494,6/12/2010 9:05,23.484,15844.5,3.12,,,,
495,6/12/2010 9:10,23.388,10677.8,3.12,,,,
496,6/12/2010 9:15,23.388,14466.8,3.12,,,,
497,6/12/2010 9:20,23.581,9300.1,3.12,,,,
498,6/12/2010 9:25,23.388,11022.3,3.12,,,,
499,6/12/2010 9:30,23.1,9644.5,3.12,,,,
500,6/12/2010 9:35,23.1,9300.1,3.12,,,,
501,6/12/2010 9:40,22.812,9300.1,3.12,,,,
502,6/12/2010 9:45,22.621,8266.7,3.12,,,,
503,6/12/2010 9:50,22.429,8266.7,3.12,,,,
504,6/12/2010 9:55,22.621,9644.5,3.12,,,,
505,6/12/2010 10:00,22.812,14466.8,3.12,,,,
506,6/12/2010 10:05,22.812,12400.1,3.12,,,,
507,6/12/2010 10:10,22.812,9300.1,3.12,,,,
508,6/12/2010 10:15,23.1,8611.2,3.12,,,,
509,6/12/2010 10:20,23.292,24800.2,3.12,,,,
510,6/12/2010 10:25,23.677,23422.4,3.12,,,,
511,6/12/2010 10:30,24.062,21355.7,3.12,,,,
512,6/12/2010 10:35,24.255,23422.4,3.12,,,,
513,6/12/2010 10:40,24.641,9644.5,3.12,,,,
514,6/12/2010 10:45,24.835,26178,3.12,,,,
515,6/12/2010 10:50,24.835,24800.2,3.12,,,,
516,6/12/2010 10:55,25.222,26178,3.1,,,,
517,6/12/2010 11:00,25.708,26178,3.1,,,,
518,6/12/2010 11:05,26.195,33066.9,3.1,,,,
519,6/12/2010 11:10,26,10677.8,3.1,,,,
520,6/12/2010 11:15,24.931,6544.5,3.12,,,,
521,6/12/2010 11:20,24.641,33066.9,3.12,,,,
522,6/12/2010 11:25,26.683,60622.6,3.1,,,,
523,6/12/2010 11:30,27.961,26178,3.12,,,,
524,6/12/2010 11:35,27.764,85422.8,3.12,,,,
525,6/12/2010 11:40,30.054,82667.2,3.1,,,,
526,6/12/2010 11:45,29.752,52355.9,3.1,,,,
527,6/12/2010 11:50,28.357,60622.6,3.12,,,,
528,6/12/2010 11:55,28.258,82667.2,3.12,,,,
529,6/12/2010 12:00,26.977,9644.5,3.12,,,,
530,6/12/2010 12:05,25.708,7233.4,3.1,,,,
531,6/12/2010 12:10,25.805,16533.4,3.1,,,,
532,6/12/2010 12:15,25.125,31689.1,3.1,,,,
533,6/12/2010 12:20,25.125,17222.3,3.1,,,,
534,6/12/2010 12:25,25.028,15155.7,3.1,,,,
535,6/12/2010 12:30,24.255,5166.7,3.12,,,,
536,6/12/2010 12:35,23.292,7233.4,3.12,,,,
537,6/12/2010 12:40,23.1,14466.8,3.12,,,,
538,6/12/2010 12:45,23.292,13777.9,3.12,,,,
539,6/12/2010 12:50,23.581,15155.7,3.12,,,,
540,6/12/2010 12:55,24.062,13777.9,3.12,,,,
541,6/12/2010 13:00,23.966,17911.2,3.12,,,,
542,6/12/2010 13:05,24.255,15155.7,3.12,,,,
543,6/12/2010 13:10,24.351,13089,3.12,,,,
544,6/12/2010 13:15,24.835,39955.8,3.12,,,,
545,6/12/2010 13:20,25.902,44089.2,3.1,,,,
546,6/12/2010 13:25,25.416,9300.1,3.1,,,,
547,6/12/2010 13:30,25.513,20666.8,3.1,,,,
548,6/12/2010 13:35,25.028,13777.9,3.1,,,,
549,6/12/2010 13:40,25.125,10333.4,3.1,,,,
550,6/12/2010 13:45,25.222,11022.3,3.1,,,,
551,6/12/2010 13:50,24.738,8266.7,3.12,,,,
552,6/12/2010 13:55,24.158,7577.8,3.12,,,,
553,6/12/2010 14:00,23.581,22044.6,3.12,,,,
554,6/12/2010 14:05,24.351,19289,3.12,,,,
555,6/12/2010 14:10,25.319,44089.2,3.1,,,,
556,6/12/2010 14:15,27.961,55111.5,3.12,,,,
557,6/12/2010 14:20,27.468,13089,3.12,,,,
558,6/12/2010 14:25,25.416,10333.4,3.1,,,,
559,6/12/2010 14:30,23.966,2411.1,3.12,,,,
560,6/12/2010 14:35,21.187,1130.2,3.12,,,,
561,6/12/2010 14:40,19.758,2755.6,3.1,,,,
562,6/12/2010 14:45,19.567,2755.6,3.12,,,,
563,6/12/2010 14:50,19.567,2325,3.12,,,,
564,6/12/2010 14:55,19.567,2669.5,3.12,,,,
565,6/12/2010 15:00,19.758,2411.1,3.1,,,,
566,6/12/2010 15:05,19.758,5166.7,3.1,,,,
567,6/12/2010 15:10,19.948,7577.8,3.1,,,,
568,6/12/2010 15:15,20.424,10677.8,3.1,,,,
569,6/12/2010 15:20,20.71,10677.8,3.1,,,,
570,6/12/2010 15:25,20.805,10677.8,3.1,,,,
571,6/12/2010 15:30,20.615,9644.5,3.1,,,,
572,6/12/2010 15:35,20.424,8611.2,3.1,,,,
573,6/12/2010 15:40,20.329,10333.4,3.1,,,,
574,6/12/2010 15:45,20.329,12400.1,3.1,,,,
575,6/12/2010 15:50,20.996,19289,3.1,,,,
576,6/12/2010 15:55,21.378,18600.1,3.1,,,,
577,6/12/2010 16:00,21.569,21355.7,3.12,,,,
578,6/12/2010 16:05,21.569,18600.1,3.12,,,,
579,6/12/2010 16:10,21.473,13777.9,3.1,,,,
580,6/12/2010 16:15,21.76,24800.2,3.12,,,,
581,6/12/2010 16:20,21.855,18600.1,3.12,,,,
582,6/12/2010 16:25,22.046,15155.7,3.12,,,,
583,6/12/2010 16:30,21.76,12400.1,3.12,,,,
584,6/12/2010 16:35,21.569,11711.2,3.1,,,,
585,6/12/2010 16:40,21.569,11711.2,3.1,,,,
586,6/12/2010 16:45,21.569,11022.3,3.1,,,,
587,6/12/2010 16:50,21.569,9644.5,3.1,,,,
588,6/12/2010 16:55,21.473,7577.8,3.1,,,,
589,6/12/2010 17:00,21.187,6544.5,3.1,,,,
590,6/12/2010 17:05,21.091,6544.5,3.1,,,,
591,6/12/2010 17:10,20.901,5511.1,3.1,,,,
592,6/12/2010 17:15,20.901,4650,3.1,,,,
593,6/12/2010 17:20,20.71,3616.7,3.1,,,,
594,6/12/2010 17:25,20.71,4477.8,3.1,,,,
595,6/12/2010 17:30,20.615,3961.1,3.1,,,,
596,6/12/2010 17:35,20.519,2755.6,3.1,,,,
597,6/12/2010 17:40,20.424,2497.2,3.1,,,,
598,6/12/2010 17:45,20.329,2411.1,3.1,,,,
599,6/12/2010 17:50,20.234,1550,3.1,,,,
600,6/12/2010 17:55,19.948,1227.1,3.1,,,,
601,6/12/2010 18:00,19.567,1377.8,3.12,,,,
602,6/12/2010 18:05,19.282,1119.5,3.12,,,,
603,6/12/2010 18:10,19.092,1463.9,3.12,,,,
604,6/12/2010 18:15,18.996,1377.8,3.12,,,,
605,6/12/2010 18:20,18.996,2583.4,3.12,,,,
606,6/12/2010 18:25,19.092,4994.5,3.12,,,,
607,6/12/2010 18:30,19.187,3444.5,3.12,,,,
608,6/12/2010 18:35,19.187,2755.6,3.12,,,,
609,6/12/2010 18:40,19.092,2669.5,3.12,,,,
610,6/12/2010 18:45,18.996,1280.9,3.12,,,,
611,6/12/2010 18:50,18.806,1162.5,3.12,,,,
612,6/12/2010 18:55,18.806,2066.7,3.12,,,,
613,6/12/2010 19:00,18.806,1808.3,3.12,,,,
614,6/12/2010 19:05,18.711,1087.2,3.12,,,,
615,6/12/2010 19:10,18.711,1808.3,3.12,,,,
616,6/12/2010 19:15,18.616,538.2,3.12,,,,
617,6/12/2010 19:20,18.521,495.1,3.12,,,,
618,6/12/2010 19:25,18.521,613.5,3.12,,,,
619,6/12/2010 19:30,18.521,462.9,3.12,,,,
620,6/12/2010 19:35,18.521,473.6,3.12,,,,
621,6/12/2010 19:40,18.521,559.7,3.12,,,,
622,6/12/2010 19:45,18.426,452.1,3.12,,,,
623,6/12/2010 19:50,18.426,409,3.12,,,,
624,6/12/2010 19:55,18.426,279.9,3.12,,,,
625,6/12/2010 20:00,18.426,247.6,3.12,,,,
626,6/12/2010 20:05,18.426,484.4,3.12,,,,
627,6/12/2010 20:10,18.331,398.3,3.12,,,,
628,6/12/2010 20:15,18.331,301.4,3.12,,,,
629,6/12/2010 20:20,18.331,258.3,3.12,,,,
630,6/12/2010 20:25,18.331,226,3.12,,,,
631,6/12/2010 20:30,18.331,193.8,3.12,,,,
632,6/12/2010 20:35,18.331,161.5,3.12,,,,
633,6/12/2010 20:40,18.331,96.9,3.12,,,,
634,6/12/2010 20:45,18.331,43.1,3.12,,,,
635,6/12/2010 20:50,18.236,0,3.12,,,,
636,6/12/2010 20:55,18.236,0,3.12,,,,
637,6/12/2010 21:00,18.236,0,3.12,,,,
638,6/12/2010 21:05,18.236,0,3.12,,,,
639,6/12/2010 21:10,18.236,0,3.12,,,,
640,6/12/2010 21:15,18.236,0,3.12,,,,
641,6/12/2010 21:20,18.236,0,3.12,,,,
642,6/12/2010 21:25,18.236,0,3.12,,,,
643,6/12/2010 21:30,18.236,0,3.12,,,,
644,6/12/2010 21:35,18.14,0,3.12,,,,
645,6/12/2010 21:40,18.14,0,3.12,,,,
646,6/12/2010 21:45,18.14,0,3.12,,,,
647,6/12/2010 21:50,18.14,0,3.12,,,,
648,6/12/2010 21:55,18.045,0,3.12,,,,
649,6/12/2010 22:00,18.045,0,3.12,,,,
650,6/12/2010 22:05,18.045,0,3.12,,,,
651,6/12/2010 22:10,17.95,0,3.12,,,,
652,6/12/2010 22:15,17.95,0,3.12,,,,
653,6/12/2010 22:20,17.95,0,3.1,,,,
654,6/12/2010 22:25,17.855,0,3.1,,,,
655,6/12/2010 22:30,17.855,0,3.1,,,,
656,6/12/2010 22:35,17.95,0,3.1,,,,
657,6/12/2010 22:40,17.95,0,3.1,,,,
658,6/12/2010 22:45,17.95,0,3.1,,,,
659,6/12/2010 22:50,17.95,0,3.1,,,,
660,6/12/2010 22:55,17.95,0,3.1,,,,
661,6/12/2010 23:00,17.95,0,3.1,,,,
662,6/12/2010 23:05,18.045,0,3.1,,,,
663,6/12/2010 23:10,18.045,0,3.1,,,,
664,6/12/2010 23:15,18.045,0,3.1,,,,
665,6/12/2010 23:20,18.045,0,3.1,,,,
666,6/12/2010 23:25,18.045,0,3.1,,,,
667,6/12/2010 23:30,18.045,0,3.1,,,,
668,6/12/2010 23:35,18.14,0,3.1,,,,
669,6/12/2010 23:40,18.14,0,3.1,,,,
670,6/12/2010 23:45,18.236,0,3.1,,,,
671,6/12/2010 23:50,18.236,0,3.1,,,,
672,6/12/2010 23:55,18.236,0,3.1,,,,
673,6/13/2010 0:00,18.236,0,3.1,,,,
674,6/13/2010 0:05,18.236,0,3.1,,,,
675,6/13/2010 0:10,18.331,0,3.1,,,,
676,6/13/2010 0:15,18.331,0,3.1,,,,
677,6/13/2010 0:20,18.426,0,3.1,,,,
678,6/13/2010 0:25,18.426,0,3.1,,,,
679,6/13/2010 0:30,18.426,0,3.1,,,,
680,6/13/2010 0:35,18.426,0,3.1,,,,
681,6/13/2010 0:40,18.521,0,3.1,,,,
682,6/13/2010 0:45,18.521,0,3.1,,,,
683,6/13/2010 0:50,18.521,0,3.1,,,,
684,6/13/2010 0:55,18.521,0,3.1,,,,
685,6/13/2010 1:00,18.521,0,3.1,,,,
686,6/13/2010 1:05,18.616,0,3.1,,,,
687,6/13/2010 1:10,18.616,0,3.1,,,,
688,6/13/2010 1:15,18.616,0,3.1,,,,
689,6/13/2010 1:20,18.616,0,3.1,,,,
690,6/13/2010 1:25,18.616,0,3.1,,,,
691,6/13/2010 1:30,18.616,0,3.1,,,,
692,6/13/2010 1:35,18.711,0,3.1,,,,
693,6/13/2010 1:40,18.711,0,3.1,,,,
694,6/13/2010 1:45,18.711,0,3.1,,,,
695,6/13/2010 1:50,18.711,0,3.1,,,,
696,6/13/2010 1:55,18.806,0,3.1,,,,
697,6/13/2010 2:00,18.806,0,3.1,,,,
698,6/13/2010 2:05,18.806,0,3.1,,,,
699,6/13/2010 2:10,18.806,0,3.1,,,,
700,6/13/2010 2:15,18.806,0,3.1,,,,
701,6/13/2010 2:20,18.806,0,3.1,,,,
702,6/13/2010 2:25,18.806,0,3.1,,,,
703,6/13/2010 2:30,18.806,0,3.1,,,,
704,6/13/2010 2:35,18.806,0,3.1,,,,
705,6/13/2010 2:40,18.806,0,3.1,,,,
706,6/13/2010 2:45,18.806,0,3.1,,,,
707,6/13/2010 2:50,18.806,0,3.1,,,,
708,6/13/2010 2:55,18.806,0,3.1,,,,
709,6/13/2010 3:00,18.806,0,3.1,,,,
710,6/13/2010 3:05,18.806,0,3.1,,,,
711,6/13/2010 3:10,18.806,0,3.1,,,,
712,6/13/2010 3:15,18.806,0,3.1,,,,
713,6/13/2010 3:20,18.806,0,3.1,,,,
714,6/13/2010 3:25,18.806,0,3.1,,,,
715,6/13/2010 3:30,18.806,0,3.1,,,,
716,6/13/2010 3:35,18.806,0,3.1,,,,
717,6/13/2010 3:40,18.806,0,3.1,,,,
718,6/13/2010 3:45,18.806,0,3.1,,,,
719,6/13/2010 3:50,18.806,0,3.1,,,,
720,6/13/2010 3:55,18.806,0,3.1,,,,
721,6/13/2010 4:00,18.806,0,3.1,,,,
722,6/13/2010 4:05,18.806,0,3.1,,,,
723,6/13/2010 4:10,18.806,0,3.1,,,,
724,6/13/2010 4:15,18.901,0,3.1,,,,
725,6/13/2010 4:20,18.806,0,3.1,,,,
726,6/13/2010 4:25,18.806,0,3.1,,,,
727,6/13/2010 4:30,18.806,0,3.1,,,,
728,6/13/2010 4:35,18.901,0,3.1,,,,
729,6/13/2010 4:40,18.901,0,3.1,,,,
730,6/13/2010 4:45,18.901,0,3.1,,,,
731,6/13/2010 4:50,18.901,0,3.1,,,,
732,6/13/2010 4:55,18.901,0,3.1,,,,
733,6/13/2010 5:00,18.901,0,3.1,,,,
734,6/13/2010 5:05,18.901,0,3.1,,,,
735,6/13/2010 5:10,18.901,0,3.1,,,,
736,6/13/2010 5:15,18.901,0,3.1,,,,
737,6/13/2010 5:20,18.711,0,3.1,,,,
738,6/13/2010 5:25,18.616,0,3.1,,,,
739,6/13/2010 5:30,18.711,0,3.1,,,,
740,6/13/2010 5:35,18.806,0,3.1,,,,
741,6/13/2010 5:40,18.806,0,3.1,,,,
742,6/13/2010 5:45,18.901,64.6,3.1,,,,
743,6/13/2010 5:50,18.901,516.7,3.1,,,,
744,6/13/2010 5:55,18.996,333.7,3.1,,,,
745,6/13/2010 6:00,18.996,344.4,3.1,,,,
746,6/13/2010 6:05,18.996,279.9,3.1,,,,
747,6/13/2010 6:10,18.996,96.9,3.1,,,,
748,6/13/2010 6:15,18.996,107.6,3.1,,,,
749,6/13/2010 6:20,18.996,236.8,3.1,,,,
750,6/13/2010 6:25,18.996,215.3,3.1,,,,
751,6/13/2010 6:30,18.996,150.7,3.1,,,,
752,6/13/2010 6:35,18.901,107.6,3.1,,,,
753,6/13/2010 6:40,18.901,204.5,3.1,,,,
754,6/13/2010 6:45,18.901,226,3.1,,,,
755,6/13/2010 6:50,18.806,236.8,3.1,,,,
756,6/13/2010 6:55,18.806,366,3.1,,,,
757,6/13/2010 7:00,18.711,333.7,3.1,,,,
758,6/13/2010 7:05,18.616,839.6,3.1,,,,
759,6/13/2010 7:10,18.521,592,3.1,,,,
760,6/13/2010 7:15,18.521,904.2,3.1,,,,
761,6/13/2010 7:20,18.616,1808.3,3.1,,,,
762,6/13/2010 7:25,18.616,990.3,3.1,,,,
763,6/13/2010 7:30,18.616,1291.7,3.1,,,,
764,6/13/2010 7:35,18.616,893.4,3.1,,,,
765,6/13/2010 7:40,18.616,2066.7,3.1,,,,
766,6/13/2010 7:45,18.616,1808.3,3.1,,,,
767,6/13/2010 7:50,18.616,721.2,3.1,,,,
768,6/13/2010 7:55,18.616,742.7,3.1,,,,
769,6/13/2010 8:00,18.521,1205.6,3.1,,,,
770,6/13/2010 8:05,18.521,936.5,3.1,,,,
771,6/13/2010 8:10,18.521,1087.2,3.1,,,,
772,6/13/2010 8:15,18.521,1636.1,3.1,,,,
773,6/13/2010 8:20,18.521,1894.5,3.1,,,,
774,6/13/2010 8:25,18.521,1550,3.1,,,,
775,6/13/2010 8:30,18.521,2152.8,3.1,,,,
776,6/13/2010 8:35,18.521,1205.6,3.1,,,,
777,6/13/2010 8:40,18.521,2583.4,3.1,,,,
778,6/13/2010 8:45,18.521,1808.3,3.1,,,,
779,6/13/2010 8:50,18.616,1377.8,3.1,,,,
780,6/13/2010 8:55,18.616,4822.3,3.1,,,,
781,6/13/2010 9:00,18.901,5338.9,3.1,,,,
782,6/13/2010 9:05,19.092,5166.7,3.1,,,,
783,6/13/2010 9:10,19.187,6544.5,3.1,,,,
784,6/13/2010 9:15,19.282,4305.6,3.1,,,,
785,6/13/2010 9:20,19.472,11022.3,3.1,,,,
786,6/13/2010 9:25,19.853,8266.7,3.08,,,,
787,6/13/2010 9:30,19.662,3616.7,3.08,,,,
788,6/13/2010 9:35,19.567,8611.2,3.1,,,,
789,6/13/2010 9:40,19.662,14466.8,3.08,,,,
790,6/13/2010 9:45,19.758,7577.8,3.08,,,,
791,6/13/2010 9:50,19.662,6544.5,3.08,,,,
792,6/13/2010 9:55,19.377,3961.1,3.1,,,,
793,6/13/2010 10:00,19.472,8266.7,3.1,,,,
794,6/13/2010 10:05,19.758,14466.8,3.08,,,,
795,6/13/2010 10:10,20.043,7233.4,3.08,,,,
796,6/13/2010 10:15,19.853,5511.1,3.08,,,,
797,6/13/2010 10:20,19.662,8266.7,3.08,,,,
798,6/13/2010 10:25,19.472,9300.1,3.1,,,,
799,6/13/2010 10:30,19.853,17911.2,3.08,,,,
800,6/13/2010 10:35,20.234,10333.4,3.08,,,,
801,6/13/2010 10:40,20.138,10333.4,3.08,,,,
802,6/13/2010 10:45,19.758,7233.4,3.08,,,,
803,6/13/2010 10:50,19.662,5166.7,3.08,,,,
804,6/13/2010 10:55,19.853,15844.5,3.08,,,,
805,6/13/2010 11:00,19.853,8611.2,3.08,,,,
806,6/13/2010 11:05,19.948,5511.1,3.08,,,,
807,6/13/2010 11:10,19.758,6544.5,3.08,,,,
808,6/13/2010 11:15,19.948,24800.2,3.08,,,,
809,6/13/2010 11:20,20.043,9300.1,3.08,,,,
810,6/13/2010 11:25,20.043,7577.8,3.08,,,,
811,6/13/2010 11:30,20.138,9644.5,3.08,,,,
812,6/13/2010 11:35,20.138,12400.1,3.08,,,,
813,6/13/2010 11:40,20.138,10333.4,3.08,,,,
814,6/13/2010 11:45,20.043,7577.8,3.08,,,,
815,6/13/2010 11:50,20.234,10333.4,3.08,,,,
816,6/13/2010 11:55,20.138,5511.1,3.08,,,,
817,6/13/2010 12:00,19.948,4650,3.08,,,,
818,6/13/2010 12:05,19.948,7577.8,3.08,,,,
819,6/13/2010 12:10,19.948,5166.7,3.08,,,,
820,6/13/2010 12:15,19.948,6200,3.08,,,,
821,6/13/2010 12:20,20.234,18600.1,3.08,,,,
822,6/13/2010 12:25,20.424,5511.1,3.08,,,,
823,6/13/2010 12:30,20.234,5166.7,3.08,,,,
824,6/13/2010 12:35,20.329,9644.5,3.08,,,,
825,6/13/2010 12:40,20.615,12400.1,3.08,,,,
826,6/13/2010 12:45,20.805,12400.1,3.08,,,,
827,6/13/2010 12:50,21.091,30311.3,3.08,,,,
828,6/13/2010 12:55,21.664,8611.2,3.08,,,,
829,6/13/2010 13:00,21.569,13089,3.08,,,,
830,6/13/2010 13:05,21.378,10333.4,3.08,,,,
831,6/13/2010 13:10,20.996,5166.7,3.08,,,,
832,6/13/2010 13:15,20.71,7577.8,3.08,,,,
833,6/13/2010 13:20,20.996,13089,3.08,,,,
834,6/13/2010 13:25,20.996,8266.7,3.08,,,,
835,6/13/2010 13:30,21.187,12400.1,3.08,,,,
836,6/13/2010 13:35,21.473,10677.8,3.08,,,,
837,6/13/2010 13:40,21.473,10333.4,3.08,,,,
838,6/13/2010 13:45,21.664,15844.5,3.1,,,,
839,6/13/2010 13:50,22.142,18600.1,3.1,,,,
840,6/13/2010 13:55,22.333,16533.4,3.1,,,,
841,6/13/2010 14:00,22.429,17222.3,3.1,,,,
842,6/13/2010 14:05,22.621,34444.7,3.1,,,,
843,6/13/2010 14:10,24.158,19289,3.1,,,,
844,6/13/2010 14:15,23.966,12400.1,3.1,,,,
845,6/13/2010 14:20,23.581,104711.8,3.1,,,,
846,6/13/2010 14:25,22.621,7577.8,3.1,,,,
847,6/13/2010 14:30,22.142,38578,3.1,,,,
848,6/13/2010 14:35,22.333,10677.8,3.1,,,,
849,6/13/2010 14:40,23.004,14466.8,3.1,,,,
850,6/13/2010 14:45,23.1,23422.4,3.1,,,,
851,6/13/2010 14:50,22.908,13089,3.1,,,,
852,6/13/2010 14:55,23.196,38578,3.1,,,,
853,6/13/2010 15:00,23.581,26178,3.1,,,,
854,6/13/2010 15:05,23.484,13089,3.1,,,,
855,6/13/2010 15:10,23.966,44089.2,3.1,,,,
856,6/13/2010 15:15,23.004,7577.8,3.1,,,,
857,6/13/2010 15:20,22.238,8266.7,3.1,,,,
858,6/13/2010 15:25,22.908,26178,3.1,,,,
859,6/13/2010 15:30,23.1,12400.1,3.1,,,,
860,6/13/2010 15:35,22.717,9300.1,3.1,,,,
861,6/13/2010 15:40,22.238,5511.1,3.1,,,,
862,6/13/2010 15:45,22.238,19977.9,3.1,,,,
863,6/13/2010 15:50,22.525,9300.1,3.1,,,,
864,6/13/2010 15:55,22.429,15155.7,3.1,,,,
865,6/13/2010 16:00,22.142,6200,3.1,,,,
866,6/13/2010 16:05,21.951,8266.7,3.1,,,,
867,6/13/2010 16:10,21.569,5166.7,3.08,,,,
868,6/13/2010 16:15,21.569,6200,3.08,,,,
869,6/13/2010 16:20,21.569,7577.8,3.08,,,,
870,6/13/2010 16:25,21.282,5338.9,3.08,,,,
871,6/13/2010 16:30,21.091,4305.6,3.08,,,,
872,6/13/2010 16:35,21.091,7577.8,3.08,,,,
873,6/13/2010 16:40,21.091,9644.5,3.08,,,,
874,6/13/2010 16:45,21.282,3444.5,3.08,,,,
875,6/13/2010 16:50,21.187,3616.7,3.08,,,,
876,6/13/2010 16:55,20.996,3272.2,3.08,,,,
877,6/13/2010 17:00,20.71,1980.6,3.08,,,,
878,6/13/2010 17:05,20.519,2497.2,3.08,,,,
879,6/13/2010 17:10,20.424,3788.9,3.08,,,,
880,6/13/2010 17:15,20.615,9644.5,3.08,,,,
881,6/13/2010 17:20,21.187,16533.4,3.08,,,,
882,6/13/2010 17:25,21.473,5166.7,3.08,,,,
883,6/13/2010 17:30,21.664,12400.1,3.08,,,,
884,6/13/2010 17:35,21.855,8266.7,3.08,,,,
885,6/13/2010 17:40,21.951,12400.1,3.08,,,,
886,6/13/2010 17:45,21.951,8266.7,3.08,,,,
887,6/13/2010 17:50,21.951,8266.7,3.08,,,,
888,6/13/2010 17:55,21.855,8266.7,3.08,,,,
889,6/13/2010 18:00,21.664,7577.8,3.08,,,,
890,6/13/2010 18:05,21.855,6200,3.08,,,,
891,6/13/2010 18:10,21.378,2497.2,3.08,,,,
892,6/13/2010 18:15,20.996,1636.1,3.08,,,,
893,6/13/2010 18:20,20.805,4477.8,3.08,,,,
894,6/13/2010 18:25,20.805,4650,3.08,,,,
895,6/13/2010 18:30,20.901,3100,3.08,,,,
896,6/13/2010 18:35,20.805,3616.7,3.08,,,,
897,6/13/2010 18:40,20.805,2755.6,3.08,,,,
898,6/13/2010 18:45,20.615,2152.8,3.08,,,,
899,6/13/2010 18:50,20.519,2238.9,3.08,,,,
900,6/13/2010 18:55,20.424,2325,3.08,,,,
901,6/13/2010 19:00,20.424,3272.2,3.08,,,,
902,6/13/2010 19:05,20.424,3272.2,3.08,,,,
903,6/13/2010 19:10,20.424,3616.7,3.08,,,,
904,6/13/2010 19:15,20.424,3100,3.08,,,,
905,6/13/2010 19:20,20.424,1894.5,3.08,,,,
906,6/13/2010 19:25,20.329,1463.9,3.08,,,,
907,6/13/2010 19:30,20.138,1162.5,3.08,,,,
908,6/13/2010 19:35,20.138,1119.5,3.08,,,,
909,6/13/2010 19:40,20.043,1550,3.08,,,,
910,6/13/2010 19:45,20.043,1345.5,3.08,,,,
911,6/13/2010 19:50,20.043,1377.8,3.08,,,,
912,6/13/2010 19:55,19.948,958,3.08,,,,
913,6/13/2010 20:00,19.948,1722.2,3.08,,,,
914,6/13/2010 20:05,19.948,968.8,3.08,,,,
915,6/13/2010 20:10,19.853,785.8,3.08,,,,
916,6/13/2010 20:15,19.758,495.1,3.08,,,,
917,6/13/2010 20:20,19.662,333.7,3.08,,,,
918,6/13/2010 20:25,19.567,161.5,3.1,,,,
919,6/13/2010 20:30,19.472,139.9,3.1,,,,
920,6/13/2010 20:35,19.377,161.5,3.1,,,,
921,6/13/2010 20:40,19.377,150.7,3.1,,,,
922,6/13/2010 20:45,19.377,64.6,3.1,,,,
923,6/13/2010 20:50,19.282,21.5,3.1,,,,
924,6/13/2010 20:55,19.282,0,3.1,,,,
925,6/13/2010 21:00,19.187,0,3.1,,,,
926,6/13/2010 21:05,19.187,0,3.1,,,,
927,6/13/2010 21:10,19.187,0,3.1,,,,
928,6/13/2010 21:15,19.187,0,3.1,,,,
929,6/13/2010 21:20,19.187,0,3.1,,,,
930,6/13/2010 21:25,19.187,0,3.1,,,,
931,6/13/2010 21:30,19.187,0,3.1,,,,
932,6/13/2010 21:35,19.092,0,3.1,,,,
933,6/13/2010 21:40,19.092,0,3.1,,,,
934,6/13/2010 21:45,19.092,0,3.1,,,,
935,6/13/2010 21:50,18.996,0,3.1,,,,
936,6/13/2010 21:55,18.996,0,3.1,,,,
937,6/13/2010 22:00,18.996,0,3.1,,,,
938,6/13/2010 22:05,18.901,0,3.1,,,,
939,6/13/2010 22:10,18.901,0,3.1,,,,
940,6/13/2010 22:15,18.806,0,3.1,,,,
941,6/13/2010 22:20,18.711,0,3.1,,,,
942,6/13/2010 22:25,18.616,0,3.1,,,,
943,6/13/2010 22:30,18.616,0,3.1,,,,
944,6/13/2010 22:35,18.616,0,3.1,,,,
945,6/13/2010 22:40,18.616,0,3.1,,,,
946,6/13/2010 22:45,18.616,0,3.1,,,,
947,6/13/2010 22:50,18.711,0,3.1,,,,
948,6/13/2010 22:55,18.806,0,3.1,,,,
949,6/13/2010 23:00,18.806,0,3.1,,,,
950,6/13/2010 23:05,18.806,0,3.1,,,,
951,6/13/2010 23:10,18.806,0,3.1,,,,
952,6/13/2010 23:15,18.806,0,3.1,,,,
953,6/13/2010 23:20,18.806,0,3.1,,,,
954,6/13/2010 23:25,18.806,0,3.1,,,,
955,6/13/2010 23:30,18.806,0,3.1,,,,
956,6/13/2010 23:35,18.806,0,3.1,,,,
957,6/13/2010 23:40,18.806,0,3.1,,,,
958,6/13/2010 23:45,18.711,0,3.1,,,,
959,6/13/2010 23:50,18.711,0,3.1,,,,
960,6/13/2010 23:55,18.711,0,3.1,,,,
961,6/14/2010 0:00,18.711,0,3.1,,,,
962,6/14/2010 0:05,18.711,0,3.1,,,,
963,6/14/2010 0:10,18.711,0,3.1,,,,
964,6/14/2010 0:15,18.711,0,3.1,,,,
965,6/14/2010 0:20,18.711,0,3.1,,,,
966,6/14/2010 0:25,18.616,0,3.1,,,,
967,6/14/2010 0:30,18.616,0,3.1,,,,
968,6/14/2010 0:35,18.616,0,3.1,,,,
969,6/14/2010 0:40,18.521,0,3.1,,,,
970,6/14/2010 0:45,18.426,0,3.1,,,,
971,6/14/2010 0:50,18.426,0,3.1,,,,
972,6/14/2010 0:55,18.331,0,3.1,,,,
973,6/14/2010 1:00,18.331,0,3.1,,,,
974,6/14/2010 1:05,18.236,0,3.1,,,,
975,6/14/2010 1:10,18.236,0,3.1,,,,
976,6/14/2010 1:15,18.236,0,3.1,,,,
977,6/14/2010 1:20,18.236,0,3.08,,,,
978,6/14/2010 1:25,18.236,0,3.08,,,,
979,6/14/2010 1:30,18.236,0,3.08,,,,
980,6/14/2010 1:35,18.236,0,3.1,,,,
981,6/14/2010 1:40,18.236,0,3.1,,,,
982,6/14/2010 1:45,18.236,0,3.08,,,,
983,6/14/2010 1:50,18.331,0,3.08,,,,
984,6/14/2010 1:55,18.331,0,3.1,,,,
985,6/14/2010 2:00,18.331,0,3.1,,,,
986,6/14/2010 2:05,18.331,0,3.08,,,,
987,6/14/2010 2:10,18.331,0,3.08,,,,
988,6/14/2010 2:15,18.331,0,3.1,,,,
989,6/14/2010 2:20,18.331,0,3.08,,,,
990,6/14/2010 2:25,18.331,0,3.1,,,,
991,6/14/2010 2:30,18.331,0,3.08,,,,
992,6/14/2010 2:35,18.331,0,3.08,,,,
993,6/14/2010 2:40,18.331,0,3.08,,,,
994,6/14/2010 2:45,18.236,0,3.08,,,,
995,6/14/2010 2:50,18.331,0,3.08,,,,
996,6/14/2010 2:55,18.331,0,3.08,,,,
997,6/14/2010 3:00,18.236,0,3.08,,,,
998,6/14/2010 3:05,18.236,0,3.08,,,,
999,6/14/2010 3:10,18.236,0,3.08,,,,
1000,6/14/2010 3:15,18.236,0,3.08,,,,
1001,6/14/2010 3:20,18.14,0,3.08,,,,
1002,6/14/2010 3:25,18.14,0,3.08,,,,
1003,6/14/2010 3:30,18.14,0,3.08,,,,
1004,6/14/2010 3:35,18.14,0,3.08,,,,
1005,6/14/2010 3:40,18.14,0,3.08,,,,
1006,6/14/2010 3:45,18.045,0,3.08,,,,
1007,6/14/2010 3:50,18.045,0,3.08,,,,
1008,6/14/2010 3:55,17.95,0,3.08,,,,
1009,6/14/2010 4:00,17.95,0,3.08,,,,
1010,6/14/2010 4:05,17.95,0,3.08,,,,
1011,6/14/2010 4:10,17.95,0,3.08,,,,
1012,6/14/2010 4:15,17.95,0,3.08,,,,
1013,6/14/2010 4:20,17.855,0,3.08,,,,
1014,6/14/2010 4:25,17.95,0,3.08,,,,
1015,6/14/2010 4:30,17.95,0,3.08,,,,
1016,6/14/2010 4:35,17.95,0,3.08,,,,
1017,6/14/2010 4:40,17.95,0,3.08,,,,
1018,6/14/2010 4:45,17.95,0,3.08,,,,
1019,6/14/2010 4:50,17.855,0,3.08,,,,
1020,6/14/2010 4:55,17.95,0,3.08,,,,
1021,6/14/2010 5:00,17.95,0,3.08,,,,
1022,6/14/2010 5:05,17.855,0,3.08,,,,
1023,6/14/2010 5:10,17.855,0,3.08,,,,
1024,6/14/2010 5:15,17.855,0,3.08,,,,
1025,6/14/2010 5:20,17.855,0,3.08,,,,
1026,6/14/2010 5:25,17.855,0,3.08,,,,
1027,6/14/2010 5:30,17.855,0,3.08,,,,
1028,6/14/2010 5:35,17.76,10.8,3.08,,,,
1029,6/14/2010 5:40,17.76,0,3.08,,,,
1030,6/14/2010 5:45,17.76,0,3.08,,,,
1031,6/14/2010 5:50,17.665,32.3,3.08,,,,
1032,6/14/2010 5:55,17.665,53.8,3.08,,,,
1033,6/14/2010 6:00,17.665,129.2,3.08,,,,
1034,6/14/2010 6:05,17.665,172.2,3.08,,,,
1035,6/14/2010 6:10,17.665,226,3.08,,,,
1036,6/14/2010 6:15,17.665,333.7,3.08,,,,
1037,6/14/2010 6:20,17.665,441.3,3.08,,,,
1038,6/14/2010 6:25,17.76,570.5,3.08,,,,
1039,6/14/2010 6:30,17.76,699.7,3.08,,,,
1040,6/14/2010 6:35,17.76,1377.8,3.08,,,,
1041,6/14/2010 6:40,17.855,2325,3.08,,,,
1042,6/14/2010 6:45,18.045,1808.3,3.08,,,,
1043,6/14/2010 6:50,18.045,1722.2,3.08,,,,
1044,6/14/2010 6:55,18.045,1722.2,3.08,,,,
1045,6/14/2010 7:00,18.236,2755.6,3.08,,,,
1046,6/14/2010 7:05,18.236,1356.3,3.08,,,,
1047,6/14/2010 7:10,18.14,2497.2,3.08,,,,
1048,6/14/2010 7:15,18.236,3616.7,3.08,,,,
1049,6/14/2010 7:20,18.331,3272.2,3.08,,,,
1050,6/14/2010 7:25,18.331,2238.9,3.08,,,,
1051,6/14/2010 7:30,18.331,2238.9,3.08,,,,
1052,6/14/2010 7:35,18.521,9300.1,3.08,,,,
1053,6/14/2010 7:40,18.806,5166.7,3.08,,,,
1054,6/14/2010 7:45,19.187,12400.1,3.08,,,,
1055,6/14/2010 7:50,19.377,4477.8,3.08,,,,
1056,6/14/2010 7:55,19.187,2755.6,3.08,,,,
1057,6/14/2010 8:00,19.092,4477.8,3.08,,,,
1058,6/14/2010 8:05,19.092,5511.1,3.08,,,,
1059,6/14/2010 8:10,19.282,8611.2,3.08,,,,
1060,6/14/2010 8:15,19.377,3100,3.08,,,,
1061,6/14/2010 8:20,19.187,3444.5,3.08,,,,
1062,6/14/2010 8:25,18.901,3100,3.08,,,,
1063,6/14/2010 8:30,18.901,3616.7,3.08,,,,
1064,6/14/2010 8:35,18.996,7577.8,3.08,,,,
1065,6/14/2010 8:40,19.187,4477.8,3.08,,,,
1066,6/14/2010 8:45,19.472,5166.7,3.08,,,,
1067,6/14/2010 8:50,19.567,10677.8,3.08,,,,
1068,6/14/2010 8:55,19.853,14466.8,3.08,,,,
1069,6/14/2010 9:00,20.138,19977.9,3.08,,,,
1070,6/14/2010 9:05,20.329,9300.1,3.08,,,,
1071,6/14/2010 9:10,20.329,7233.4,3.08,,,,
1072,6/14/2010 9:15,20.138,5511.1,3.08,,,,
1073,6/14/2010 9:20,20.138,8611.2,3.08,,,,
1074,6/14/2010 9:25,20.138,5511.1,3.08,,,,
1075,6/14/2010 9:30,20.519,7233.4,3.08,,,,
1076,6/14/2010 9:35,20.329,10333.4,3.08,,,,
1077,6/14/2010 9:40,20.615,7577.8,3.08,,,,
1078,6/14/2010 9:45,20.424,7577.8,3.08,,,,
1079,6/14/2010 9:50,20.519,8611.2,3.08,,,,
1080,6/14/2010 9:55,20.424,9300.1,3.08,,,,
1081,6/14/2010 10:00,20.519,13777.9,3.08,,,,
1082,6/14/2010 10:05,20.329,6200,3.08,,,,
1083,6/14/2010 10:10,20.138,10333.4,3.08,,,,
1084,6/14/2010 10:15,20.138,4994.5,3.08,,,,
1085,6/14/2010 10:20,19.853,2927.8,3.08,,,,
1086,6/14/2010 10:25,19.662,5338.9,3.05,,,,
1087,6/14/2010 10:30,19.662,4822.3,3.05,,,,
1088,6/14/2010 10:35,19.758,4477.8,3.05,,,,
1089,6/14/2010 10:40,19.662,4650,3.05,,,,
1090,6/14/2010 10:45,19.662,2927.8,3.05,,,,
1091,6/14/2010 10:50,19.567,6200,3.08,,,,
1092,6/14/2010 10:55,19.567,6544.5,3.08,,,,
1093,6/14/2010 11:00,20.234,11022.3,3.08,,,,
1094,6/14/2010 11:05,21.187,12400.1,3.08,,,,
1095,6/14/2010 11:10,20.996,10333.4,3.08,,,,
1096,6/14/2010 11:15,21.378,27555.7,3.08,,,,
1097,6/14/2010 11:20,21.473,19289,3.08,,,,
1098,6/14/2010 11:25,21.855,52355.9,3.08,,,,
1099,6/14/2010 11:30,23.196,18600.1,3.08,,,,
1100,6/14/2010 11:35,23.004,23422.4,3.08,,,,
1101,6/14/2010 11:40,22.142,9300.1,3.08,,,,
1102,6/14/2010 11:45,21.664,6544.5,3.08,,,,
1103,6/14/2010 11:50,21.951,37200.2,3.08,,,,
1104,6/14/2010 11:55,23.004,22044.6,3.08,,,,
1105,6/14/2010 12:00,23.292,16533.4,3.08,,,,
1106,6/14/2010 12:05,23.004,18600.1,3.08,,,,
1107,6/14/2010 12:10,23.196,9300.1,3.08,,,,
1108,6/14/2010 12:15,22.812,13089,3.08,,,,
1109,6/14/2010 12:20,23.004,18600.1,3.08,,,,
1110,6/14/2010 12:25,23.196,8611.2,3.08,,,,
1111,6/14/2010 12:30,22.429,5166.7,3.08,,,,
1112,6/14/2010 12:35,21.76,5166.7,3.08,,,,
1113,6/14/2010 12:40,21.76,16533.4,3.08,,,,
1114,6/14/2010 12:45,22.142,21355.7,3.08,,,,
1115,6/14/2010 12:50,22.621,7233.4,3.08,,,,
1116,6/14/2010 12:55,22.046,5338.9,3.08,,,,
1117,6/14/2010 13:00,21.76,14466.8,3.08,,,,
1118,6/14/2010 13:05,22.333,19977.9,3.08,,,,
1119,6/14/2010 13:10,22.333,4477.8,3.08,,,,
1120,6/14/2010 13:15,21.378,1722.2,3.08,,,,
1121,6/14/2010 13:20,20.519,8266.7,3.08,,,,
1122,6/14/2010 13:25,20.71,7233.4,3.08,,,,
1123,6/14/2010 13:30,20.615,5166.7,3.08,,,,
1124,6/14/2010 13:35,20.424,5511.1,3.08,,,,
1125,6/14/2010 13:40,20.901,16533.4,3.08,,,,
1126,6/14/2010 13:45,21.855,13089,3.08,,,,
1127,6/14/2010 13:50,22.333,33066.9,3.08,,,,
1128,6/14/2010 13:55,22.429,10333.4,3.08,,,,
1129,6/14/2010 14:00,21.76,6544.5,3.08,,,,
1130,6/14/2010 14:05,21.473,27555.7,3.08,,,,
1131,6/14/2010 14:10,23.004,17222.3,3.08,,,,
1132,6/14/2010 14:15,23.869,11022.3,3.08,,,,
1133,6/14/2010 14:20,22.908,11022.3,3.08,,,,
1134,6/14/2010 14:25,21.951,2238.9,3.08,,,,
1135,6/14/2010 14:30,21.282,1313.2,3.08,,,,
1136,6/14/2010 14:35,21.282,15155.7,3.08,,,,
1137,6/14/2010 14:40,22.812,63378.2,3.08,,,,
1138,6/14/2010 14:45,22.812,12400.1,3.08,,,,
1139,6/14/2010 14:50,22.908,11711.2,3.08,,,,
1140,6/14/2010 14:55,23.292,14466.8,3.08,,,,
1141,6/14/2010 15:00,23.966,24800.2,3.08,,,,
1142,6/14/2010 15:05,24.545,18600.1,3.08,,,,
1143,6/14/2010 15:10,23.388,5166.7,3.08,,,,
1144,6/14/2010 15:15,22.812,10677.8,3.08,,,,
1145,6/14/2010 15:20,22.621,10677.8,3.08,,,,
1146,6/14/2010 15:25,23.196,16533.4,3.08,,,,
1147,6/14/2010 15:30,23.196,8266.7,3.08,,,,
1148,6/14/2010 15:35,23.1,8611.2,3.08,,,,
1149,6/14/2010 15:40,23.196,27555.7,3.08,,,,
1150,6/14/2010 15:45,23.869,46844.8,3.08,,,,
1151,6/14/2010 15:50,23.677,8611.2,3.08,,,,
1152,6/14/2010 15:55,23.966,38578,3.08,,,,
1153,6/14/2010 16:00,24.545,27555.7,3.08,,,,
1154,6/14/2010 16:05,23.869,6544.5,3.08,,,,
1155,6/14/2010 16:10,23.196,7233.4,3.08,,,,
1156,6/14/2010 16:15,23.292,27555.7,3.08,,,,
1157,6/14/2010 16:20,23.773,10333.4,3.08,,,,
1158,6/14/2010 16:25,23.773,5511.1,3.08,,,,
1159,6/14/2010 16:30,23.581,6200,3.08,,,,
1160,6/14/2010 16:35,23.484,7577.8,3.08,,,,
1161,6/14/2010 16:40,23.388,14466.8,3.08,,,,
1162,6/14/2010 16:45,23.484,9644.5,3.08,,,,
1163,6/14/2010 16:50,23.484,10333.4,3.08,,,,
1164,6/14/2010 16:55,23.1,3444.5,3.08,,,,
1165,6/14/2010 17:00,23.196,37200.2,3.08,,,,
1166,6/14/2010 17:05,23.677,26178,3.08,,,,
1167,6/14/2010 17:10,23.966,11022.3,3.08,,,,
1168,6/14/2010 17:15,23.484,14466.8,3.08,,,,
1169,6/14/2010 17:20,23.292,8611.2,3.08,,,,
1170,6/14/2010 17:25,23.004,12400.1,3.08,,,,
1171,6/14/2010 17:30,22.908,9644.5,3.08,,,,
1172,6/14/2010 17:35,22.525,4305.6,3.08,,,,
1173,6/14/2010 17:40,22.333,11711.2,3.08,,,,
1174,6/14/2010 17:45,22.621,7577.8,3.08,,,,
1175,6/14/2010 17:50,22.717,4650,3.08,,,,
1176,6/14/2010 17:55,22.525,7577.8,3.08,,,,
1177,6/14/2010 18:00,22.238,2927.8,3.08,,,,
1178,6/14/2010 18:05,21.951,3100,3.08,,,,
1179,6/14/2010 18:10,21.76,1980.6,3.08,,,,
1180,6/14/2010 18:15,21.76,8266.7,3.08,,,,
1181,6/14/2010 18:20,21.951,4305.6,3.08,,,,
1182,6/14/2010 18:25,22.046,3616.7,3.08,,,,
1183,6/14/2010 18:30,21.951,2755.6,3.08,,,,
1184,6/14/2010 18:35,21.951,8266.7,3.08,,,,
1185,6/14/2010 18:40,22.142,6200,3.08,,,,
1186,6/14/2010 18:45,22.046,602.8,3.08,,,,
1187,6/14/2010 18:50,21.664,559.7,3.08,,,,
1188,6/14/2010 18:55,21.282,796.5,3.08,,,,
1189,6/14/2010 19:00,21.187,2152.8,3.08,,,,
1190,6/14/2010 19:05,21.187,3272.2,3.08,,,,
1191,6/14/2010 19:10,21.187,3272.2,3.08,,,,
1192,6/14/2010 19:15,21.282,3272.2,3.08,,,,
1193,6/14/2010 19:20,21.569,5166.7,3.08,,,,
1194,6/14/2010 19:25,21.569,2066.7,3.08,,,,
1195,6/14/2010 19:30,21.378,2411.1,3.08,,,,
1196,6/14/2010 19:35,21.378,4305.6,3.08,,,,
1197,6/14/2010 19:40,21.378,2152.8,3.08,,,,
1198,6/14/2010 19:45,21.282,4305.6,3.08,,,,
1199,6/14/2010 19:50,21.187,1636.1,3.08,,,,
1200,6/14/2010 19:55,20.996,1377.8,3.08,,,,
1201,6/14/2010 20:00,20.71,1377.8,3.08,,,,
1202,6/14/2010 20:05,20.519,1076.4,3.05,,,,
1203,6/14/2010 20:10,20.329,925.7,3.05,,,,
1204,6/14/2010 20:15,20.138,441.3,3.05,,,,
1205,6/14/2010 20:20,19.948,452.1,3.05,,,,
1206,6/14/2010 20:25,19.758,279.9,3.05,,,,
1207,6/14/2010 20:30,19.567,204.5,3.08,,,,
1208,6/14/2010 20:35,19.377,172.2,3.08,,,,
1209,6/14/2010 20:40,19.187,96.9,3.08,,,,
1210,6/14/2010 20:45,19.092,21.5,3.08,,,,
1211,6/14/2010 20:50,18.901,10.8,3.08,,,,
1212,6/14/2010 20:55,18.806,0,3.08,,,,
1213,6/14/2010 21:00,18.711,0,3.08,,,,
1214,6/14/2010 21:05,18.616,0,3.08,,,,
1215,6/14/2010 21:10,18.521,0,3.08,,,,
1216,6/14/2010 21:15,18.426,0,3.08,,,,
1217,6/14/2010 21:20,18.331,0,3.08,,,,
1218,6/14/2010 21:25,18.236,0,3.08,,,,
1219,6/14/2010 21:30,18.14,0,3.08,,,,
1220,6/14/2010 21:35,18.045,0,3.08,,,,
1221,6/14/2010 21:40,18.045,0,3.08,,,,
1222,6/14/2010 21:45,18.045,0,3.08,,,,
1223,6/14/2010 21:50,18.14,0,3.08,,,,
1224,6/14/2010 21:55,18.236,0,3.08,,,,
1225,6/14/2010 22:00,18.331,0,3.08,,,,
1226,6/14/2010 22:05,18.331,0,3.08,,,,
1227,6/14/2010 22:10,18.331,0,3.08,,,,
1228,6/14/2010 22:15,18.236,0,3.08,,,,
1229,6/14/2010 22:20,18.236,0,3.08,,,,
1230,6/14/2010 22:25,18.236,0,3.08,,,,
1231,6/14/2010 22:30,18.331,0,3.08,,,,
1232,6/14/2010 22:35,18.331,0,3.08,,,,
1233,6/14/2010 22:40,18.331,0,3.08,,,,
1234,6/14/2010 22:45,18.331,0,3.08,,,,
1235,6/14/2010 22:50,18.331,0,3.08,,,,
1236,6/14/2010 22:55,18.331,0,3.08,,,,
1237,6/14/2010 23:00,18.426,0,3.08,,,,
1238,6/14/2010 23:05,18.426,0,3.08,,,,
1239,6/14/2010 23:10,18.426,0,3.08,,,,
1240,6/14/2010 23:15,18.521,0,3.08,,,,
1241,6/14/2010 23:20,18.521,0,3.08,,,,
1242,6/14/2010 23:25,18.521,0,3.08,,,,
1243,6/14/2010 23:30,18.521,0,3.08,,,,
1244,6/14/2010 23:35,18.521,0,3.08,,,,
1245,6/14/2010 23:40,18.426,0,3.08,,,,
1246,6/14/2010 23:45,18.426,0,3.08,,,,
1247,6/14/2010 23:50,18.426,0,3.08,,,,
1248,6/14/2010 23:55,18.331,0,3.08,,,,
1249,6/15/2010 0:00,18.236,0,3.08,,,,
1250,6/15/2010 0:05,18.236,0,3.08,,,,
1251,6/15/2010 0:10,18.236,0,3.08,,,,
1252,6/15/2010 0:15,18.236,0,3.08,,,,
1253,6/15/2010 0:20,18.236,0,3.08,,,,
1254,6/15/2010 0:25,18.14,0,3.08,,,,
1255,6/15/2010 0:30,18.045,0,3.08,,,,
1256,6/15/2010 0:35,18.045,0,3.08,,,,
1257,6/15/2010 0:40,17.95,0,3.08,,,,
1258,6/15/2010 0:45,17.855,0,3.08,,,,
1259,6/15/2010 0:50,17.855,0,3.08,,,,
1260,6/15/2010 0:55,17.855,0,3.08,,,,
1261,6/15/2010 1:00,17.76,0,3.08,,,,
1262,6/15/2010 1:05,17.76,0,3.08,,,,
1263,6/15/2010 1:10,17.76,0,3.08,,,,
1264,6/15/2010 1:15,17.76,0,3.08,,,,
1265,6/15/2010 1:20,17.76,0,3.08,,,,
1266,6/15/2010 1:25,17.76,0,3.08,,,,
1267,6/15/2010 1:30,17.76,0,3.08,,,,
1268,6/15/2010 1:35,17.665,0,3.08,,,,
1269,6/15/2010 1:40,17.665,0,3.08,,,,
1270,6/15/2010 1:45,17.57,0,3.08,,,,
1271,6/15/2010 1:50,17.57,0,3.08,,,,
1272,6/15/2010 1:55,17.57,0,3.08,,,,
1273,6/15/2010 2:00,17.57,0,3.08,,,,
1274,6/15/2010 2:05,17.57,0,3.08,,,,
1275,6/15/2010 2:10,17.57,0,3.08,,,,
1276,6/15/2010 2:15,17.57,0,3.08,,,,
1277,6/15/2010 2:20,17.57,0,3.08,,,,
1278,6/15/2010 2:25,17.57,0,3.08,,,,
1279,6/15/2010 2:30,17.57,0,3.08,,,,
1280,6/15/2010 2:35,17.57,0,3.08,,,,
1281,6/15/2010 2:40,17.57,0,3.08,,,,
1282,6/15/2010 2:45,17.57,0,3.08,,,,
1283,6/15/2010 2:50,17.57,0,3.08,,,,
1284,6/15/2010 2:55,17.57,0,3.08,,,,
1285,6/15/2010 3:00,17.57,0,3.08,,,,
1286,6/15/2010 3:05,17.57,0,3.08,,,,
1287,6/15/2010 3:10,17.57,0,3.08,,,,
1288,6/15/2010 3:15,17.57,0,3.08,,,,
1289,6/15/2010 3:20,17.475,0,3.08,,,,
1290,6/15/2010 3:25,17.475,0,3.08,,,,
1291,6/15/2010 3:30,17.475,0,3.08,,,,
1292,6/15/2010 3:35,17.475,0,3.08,,,,
1293,6/15/2010 3:40,17.475,0,3.08,,,,
1294,6/15/2010 3:45,17.475,0,3.08,,,,
1295,6/15/2010 3:50,17.475,0,3.08,,,,
1296,6/15/2010 3:55,17.379,0,3.08,,,,
1297,6/15/2010 4:00,17.379,0,3.08,,,,
1298,6/15/2010 4:05,17.379,0,3.08,,,,
1299,6/15/2010 4:10,17.379,0,3.08,,,,
1300,6/15/2010 4:15,17.379,0,3.08,,,,
1301,6/15/2010 4:20,17.379,0,3.08,,,,
1302,6/15/2010 4:25,17.379,0,3.08,,,,
1303,6/15/2010 4:30,17.284,0,3.08,,,,
1304,6/15/2010 4:35,17.284,0,3.08,,,,
1305,6/15/2010 4:40,17.284,0,3.08,,,,
1306,6/15/2010 4:45,17.284,0,3.08,,,,
1307,6/15/2010 4:50,17.284,0,3.08,,,,
1308,6/15/2010 4:55,17.284,0,3.08,,,,
1309,6/15/2010 5:00,17.284,0,3.08,,,,
1310,6/15/2010 5:05,17.284,0,3.08,,,,
1311,6/15/2010 5:10,17.284,0,3.08,,,,
1312,6/15/2010 5:15,17.284,0,3.08,,,,
1313,6/15/2010 5:20,17.379,0,3.08,,,,
1314,6/15/2010 5:25,17.379,0,3.08,,,,
1315,6/15/2010 5:30,17.379,0,3.08,,,,
1316,6/15/2010 5:35,17.379,0,3.08,,,,
1317,6/15/2010 5:40,17.379,0,3.08,,,,
1318,6/15/2010 5:45,17.379,0,3.08,,,,
1319,6/15/2010 5:50,17.379,0,3.05,,,,
1320,6/15/2010 5:55,17.379,10.8,3.08,,,,
1321,6/15/2010 6:00,17.379,53.8,3.05,,,,
1322,6/15/2010 6:05,17.379,96.9,3.08,,,,
1323,6/15/2010 6:10,17.379,150.7,3.08,,,,
1324,6/15/2010 6:15,17.475,193.8,3.08,,,,
1325,6/15/2010 6:20,17.475,409,3.08,,,,
1326,6/15/2010 6:25,17.475,387.5,3.08,,,,
1327,6/15/2010 6:30,17.475,441.3,3.08,,,,
1328,6/15/2010 6:35,17.57,549,3.08,,,,
1329,6/15/2010 6:40,17.57,516.7,3.05,,,,
1330,6/15/2010 6:45,17.57,1237.9,3.08,,,,
1331,6/15/2010 6:50,17.665,1722.2,3.08,,,,
1332,6/15/2010 6:55,17.665,1463.9,3.08,,,,
1333,6/15/2010 7:00,17.665,1722.2,3.08,,,,
1334,6/15/2010 7:05,17.665,2238.9,3.08,,,,
1335,6/15/2010 7:10,17.76,1722.2,3.08,,,,
1336,6/15/2010 7:15,17.665,2152.8,3.08,,,,
1337,6/15/2010 7:20,17.665,2152.8,3.08,,,,
1338,6/15/2010 7:25,17.855,4477.8,3.08,,,,
1339,6/15/2010 7:30,18.045,3961.1,3.08,,,,
1340,6/15/2010 7:35,18.045,1894.5,3.08,,,,
1341,6/15/2010 7:40,17.95,2152.8,3.08,,,,
1342,6/15/2010 7:45,17.95,1722.2,3.08,,,,
1343,6/15/2010 7:50,17.855,1463.9,3.08,,,,
1344,6/15/2010 7:55,17.76,1324,3.08,,,,
1345,6/15/2010 8:00,17.665,1636.1,3.05,,,,
1346,6/15/2010 8:05,17.284,1076.4,3.05,,,,
1347,6/15/2010 8:10,16.999,3272.2,3.05,,,,
1348,6/15/2010 8:15,17.094,4822.3,3.05,,,,
1349,6/15/2010 8:20,17.284,5166.7,3.05,,,,
1350,6/15/2010 8:25,17.379,4477.8,3.05,,,,
1351,6/15/2010 8:30,17.475,5166.7,3.05,,,,
1352,6/15/2010 8:35,17.475,5511.1,3.05,,,,
1353,6/15/2010 8:40,17.665,7233.4,3.05,,,,
1354,6/15/2010 8:45,17.855,8266.7,3.08,,,,
1355,6/15/2010 8:50,17.855,5166.7,3.08,,,,
1356,6/15/2010 8:55,17.855,4822.3,3.08,,,,
1357,6/15/2010 9:00,18.14,8266.7,3.08,,,,
1358,6/15/2010 9:05,18.426,8266.7,3.08,,,,
1359,6/15/2010 9:10,18.331,4133.4,3.08,,,,
1360,6/15/2010 9:15,18.236,3616.7,3.08,,,,
1361,6/15/2010 9:20,18.331,4650,3.08,,,,
1362,6/15/2010 9:25,18.426,4477.8,3.08,,,,
1363,6/15/2010 9:30,18.521,5338.9,3.08,,,,
1364,6/15/2010 9:35,18.521,4822.3,3.08,,,,
1365,6/15/2010 9:40,18.616,5166.7,3.08,,,,
1366,6/15/2010 9:45,18.711,5338.9,3.08,,,,
1367,6/15/2010 9:50,18.711,3100,3.08,,,,
1368,6/15/2010 9:55,18.616,2497.2,3.08,,,,
1369,6/15/2010 10:00,18.521,2325,3.08,,,,
1370,6/15/2010 10:05,18.521,3272.2,3.08,,,,
1371,6/15/2010 10:10,18.711,8611.2,3.08,,,,
1372,6/15/2010 10:15,19.377,23422.4,3.08,,,,
1373,6/15/2010 10:20,20.234,20666.8,3.05,,,,
1374,6/15/2010 10:25,20.424,7233.4,3.05,,,,
1375,6/15/2010 10:30,19.948,2669.5,3.05,,,,
1376,6/15/2010 10:35,19.758,4477.8,3.05,,,,
1377,6/15/2010 10:40,19.853,7233.4,3.05,,,,
1378,6/15/2010 10:45,19.758,4994.5,3.05,,,,
1379,6/15/2010 10:50,19.662,4650,3.05,,,,
1380,6/15/2010 10:55,19.472,2411.1,3.08,,,,
1381,6/15/2010 11:00,19.282,1808.3,3.08,,,,
1382,6/15/2010 11:05,19.282,2325,3.08,,,,
1383,6/15/2010 11:10,19.282,2927.8,3.08,,,,
1384,6/15/2010 11:15,19.282,5338.9,3.08,,,,
1385,6/15/2010 11:20,19.377,4305.6,3.08,,,,
1386,6/15/2010 11:25,20.043,28933.5,3.05,,,,
1387,6/15/2010 11:30,21.473,23422.4,3.05,,,,
1388,6/15/2010 11:35,21.951,20666.8,3.05,,,,
1389,6/15/2010 11:40,21.187,5511.1,3.05,,,,
1390,6/15/2010 11:45,20.519,6544.5,3.05,,,,
1391,6/15/2010 11:50,20.234,7577.8,3.05,,,,
1392,6/15/2010 11:55,19.853,3272.2,3.05,,,,
1393,6/15/2010 12:00,19.282,1894.5,3.08,,,,
1394,6/15/2010 12:05,18.901,1377.8,3.08,,,,
1395,6/15/2010 12:10,18.806,2755.6,3.08,,,,
1396,6/15/2010 12:15,18.901,5166.7,3.08,,,,
1397,6/15/2010 12:20,19.092,8266.7,3.08,,,,
1398,6/15/2010 12:25,19.567,15155.7,3.08,,,,
1399,6/15/2010 12:30,20.234,16533.4,3.05,,,,
1400,6/15/2010 12:35,20.043,10333.4,3.05,,,,
1401,6/15/2010 12:40,20.043,24800.2,3.05,,,,
1402,6/15/2010 12:45,20.424,35822.5,3.05,,,,
1403,6/15/2010 12:50,21.091,20666.8,3.05,,,,
1404,6/15/2010 12:55,21.473,21355.7,3.05,,,,
1405,6/15/2010 13:00,20.615,6544.5,3.05,,,,
1406,6/15/2010 13:05,20.043,7233.4,3.05,,,,
1407,6/15/2010 13:10,19.567,7577.8,3.08,,,,
1408,6/15/2010 13:15,19.472,6200,3.08,,,,
1409,6/15/2010 13:20,19.567,10333.4,3.08,,,,
1410,6/15/2010 13:25,19.567,9644.5,3.08,,,,
1411,6/15/2010 13:30,20.329,11022.3,3.05,,,,
1412,6/15/2010 13:35,20.615,14466.8,3.05,,,,
1413,6/15/2010 13:40,20.901,22044.6,3.05,,,,
1414,6/15/2010 13:45,22.046,57867,3.05,,,,
1415,6/15/2010 13:50,22.812,19977.9,3.05,,,,
1416,6/15/2010 13:55,21.569,7233.4,3.05,,,,
1417,6/15/2010 14:00,20.615,5338.9,3.05,,,,
1418,6/15/2010 14:05,20.329,7577.8,3.05,,,,
1419,6/15/2010 14:10,21.187,16533.4,3.05,,,,
1420,6/15/2010 14:15,21.378,8611.2,3.05,,,,
1421,6/15/2010 14:20,20.901,8611.2,3.05,,,,
1422,6/15/2010 14:25,20.519,8266.7,3.05,,,,
1423,6/15/2010 14:30,20.615,22044.6,3.05,,,,
1424,6/15/2010 14:35,20.996,8611.2,3.05,,,,
1425,6/15/2010 14:40,20.71,9300.1,3.05,,,,
1426,6/15/2010 14:45,20.805,6200,3.05,,,,
1427,6/15/2010 14:50,20.424,5166.7,3.05,,,,
1428,6/15/2010 14:55,20.043,5338.9,3.05,,,,
1429,6/15/2010 15:00,20.043,7233.4,3.05,,,,
1430,6/15/2010 15:05,20.901,31689.1,3.05,,,,
1431,6/15/2010 15:10,21.091,8266.7,3.05,,,,
1432,6/15/2010 15:15,22.142,42711.4,3.05,,,,
1433,6/15/2010 15:20,22.429,9644.5,3.05,,,,
1434,6/15/2010 15:25,22.429,11711.2,3.05,,,,
1435,6/15/2010 15:30,22.525,28933.5,3.05,,,,
1436,6/15/2010 15:35,22.717,12400.1,3.05,,,,
1437,6/15/2010 15:40,22.621,23422.4,3.05,,,,
1438,6/15/2010 15:45,22.717,6200,3.05,,,,
1439,6/15/2010 15:50,22.142,13777.9,3.05,,,,
1440,6/15/2010 15:55,21.951,9300.1,3.05,,,,
1441,6/15/2010 16:00,21.378,10333.4,3.05,,,,
1442,6/15/2010 16:05,21.664,4650,3.05,,,,
1443,6/15/2010 16:10,21.378,7233.4,3.05,,,,
1444,6/15/2010 16:15,21.664,16533.4,3.05,,,,
1445,6/15/2010 16:20,21.951,7233.4,3.05,,,,
1446,6/15/2010 16:25,22.046,8266.7,3.05,,,,
1447,6/15/2010 16:30,21.473,5338.9,3.05,,,,
1448,6/15/2010 16:35,21.282,7577.8,3.05,,,,
1449,6/15/2010 16:40,21.091,5511.1,3.05,,,,
1450,6/15/2010 16:45,20.901,7233.4,3.05,,,,
1451,6/15/2010 16:50,20.615,6544.5,3.05,,,,
1452,6/15/2010 16:55,20.615,28933.5,3.05,,,,
1453,6/15/2010 17:00,20.615,4822.3,3.05,,,,
1454,6/15/2010 17:05,20.138,4305.6,3.05,,,,
1455,6/15/2010 17:10,19.948,6544.5,3.05,,,,
1456,6/15/2010 17:15,19.948,7233.4,3.05,,,,
1457,6/15/2010 17:20,20.138,11022.3,3.05,,,,
1458,6/15/2010 17:25,19.853,4133.4,3.05,,,,
1459,6/15/2010 17:30,20.043,11022.3,3.05,,,,
1460,6/15/2010 17:35,20.234,9644.5,3.05,,,,
1461,6/15/2010 17:40,19.948,4650,3.05,,,,
1462,6/15/2010 17:45,19.948,10677.8,3.05,,,,
1463,6/15/2010 17:50,20.043,5166.7,3.05,,,,
1464,6/15/2010 17:55,20.043,6544.5,3.05,,,,
1465,6/15/2010 18:00,20.234,9300.1,3.05,,,,
1466,6/15/2010 18:05,20.138,2927.8,3.05,,,,
1467,6/15/2010 18:10,19.948,2755.6,3.05,,,,
1468,6/15/2010 18:15,19.758,3100,3.05,,,,
1469,6/15/2010 18:20,19.758,8266.7,3.05,,,,
1470,6/15/2010 18:25,20.138,9644.5,3.05,,,,
1471,6/15/2010 18:30,20.138,3444.5,3.05,,,,
1472,6/15/2010 18:35,19.853,1894.5,3.05,,,,
1473,6/15/2010 18:40,19.567,2927.8,3.08,,,,
1474,6/15/2010 18:45,19.472,2927.8,3.08,,,,
1475,6/15/2010 18:50,19.377,2755.6,3.08,,,,
1476,6/15/2010 18:55,19.377,2755.6,3.08,,,,
1477,6/15/2010 19:00,19.377,3788.9,3.08,,,,
1478,6/15/2010 19:05,19.282,2669.5,3.08,,,,
1479,6/15/2010 19:10,19.377,4650,3.08,,,,
1480,6/15/2010 19:15,19.472,2152.8,3.08,,,,
1481,6/15/2010 19:20,19.377,2583.4,3.08,,,,
1482,6/15/2010 19:25,19.472,3100,3.08,,,,
1483,6/15/2010 19:30,19.377,1463.9,3.08,,,,
1484,6/15/2010 19:35,19.377,2238.9,3.08,,,,
1485,6/15/2010 19:40,19.187,775,3.08,,,,
1486,6/15/2010 19:45,19.092,764.2,3.08,,,,
1487,6/15/2010 19:50,18.996,947.2,3.08,,,,
1488,6/15/2010 19:55,18.901,1001,3.08,,,,
1489,6/15/2010 20:00,18.806,968.8,3.05,,,,
1490,6/15/2010 20:05,18.711,818.1,3.05,,,,
1491,6/15/2010 20:10,18.711,624.3,3.05,,,,
1492,6/15/2010 20:15,18.616,495.1,3.05,,,,
1493,6/15/2010 20:20,18.521,419.8,3.05,,,,
1494,6/15/2010 20:25,18.426,355.2,3.05,,,,
1495,6/15/2010 20:30,18.331,290.6,3.05,,,,
1496,6/15/2010 20:35,18.236,226,3.05,,,,
1497,6/15/2010 20:40,18.236,107.6,3.05,,,,
1498,6/15/2010 20:45,18.14,53.8,3.05,,,,
1499,6/15/2010 20:50,18.045,21.5,3.05,,,,
1500,6/15/2010 20:55,17.95,0,3.05,,,,
1501,6/15/2010 21:00,17.95,0,3.05,,,,
1502,6/15/2010 21:05,17.855,0,3.05,,,,
1503,6/15/2010 21:10,17.855,0,3.05,,,,
1504,6/15/2010 21:15,17.76,0,3.05,,,,
1505,6/15/2010 21:20,17.76,0,3.05,,,,
1506,6/15/2010 21:25,17.665,0,3.05,,,,
1507,6/15/2010 21:30,17.57,0,3.05,,,,
1508,6/15/2010 21:35,17.475,0,3.05,,,,
1509,6/15/2010 21:40,17.379,0,3.05,,,,
1510,6/15/2010 21:45,17.379,0,3.05,,,,
1511,6/15/2010 21:50,17.379,0,3.05,,,,
1512,6/15/2010 21:55,17.284,0,3.05,,,,
1513,6/15/2010 22:00,17.379,0,3.05,,,,
1514,6/15/2010 22:05,17.379,0,3.05,,,,
1515,6/15/2010 22:10,17.475,0,3.05,,,,
1516,6/15/2010 22:15,17.379,0,3.05,,,,
1517,6/15/2010 22:20,17.379,0,3.05,,,,
1518,6/15/2010 22:25,17.379,0,3.05,,,,
1519,6/15/2010 22:30,17.379,0,3.05,,,,
1520,6/15/2010 22:35,17.475,0,3.05,,,,
1521,6/15/2010 22:40,17.475,0,3.05,,,,
1522,6/15/2010 22:45,17.475,0,3.05,,,,
1523,6/15/2010 22:50,17.379,0,3.05,,,,
1524,6/15/2010 22:55,17.379,0,3.05,,,,
1525,6/15/2010 23:00,17.379,0,3.05,,,,
1526,6/15/2010 23:05,17.379,0,3.05,,,,
1527,6/15/2010 23:10,17.379,0,3.05,,,,
1528,6/15/2010 23:15,17.379,0,3.05,,,,
1529,6/15/2010 23:20,17.379,0,3.05,,,,
1530,6/15/2010 23:25,17.379,0,3.05,,,,
1531,6/15/2010 23:30,17.379,0,3.05,,,,
1532,6/15/2010 23:35,17.379,0,3.05,,,,
1533,6/15/2010 23:40,17.379,0,3.05,,,,
1534,6/15/2010 23:45,17.379,0,3.05,,,,
1535,6/15/2010 23:50,17.379,0,3.05,,,,
1536,6/15/2010 23:55,17.475,0,3.05,,,,
1537,6/16/2010 0:00,17.475,0,3.05,,,,
1538,6/16/2010 0:05,17.475,0,3.05,,,,
1539,6/16/2010 0:10,17.475,0,3.05,,,,
1540,6/16/2010 0:15,17.475,0,3.05,,,,
1541,6/16/2010 0:20,17.475,0,3.05,,,,
1542,6/16/2010 0:25,17.475,0,3.05,,,,
1543,6/16/2010 0:30,17.475,0,3.05,,,,
1544,6/16/2010 0:35,17.57,0,3.05,,,,
1545,6/16/2010 0:40,17.57,0,3.05,,,,
1546,6/16/2010 0:45,17.665,0,3.05,,,,
1547,6/16/2010 0:50,17.665,0,3.05,,,,
1548,6/16/2010 0:55,17.665,0,3.05,,,,
1549,6/16/2010 1:00,17.665,0,3.05,,,,
1550,6/16/2010 1:05,17.665,0,3.05,,,,
1551,6/16/2010 1:10,17.665,0,3.05,,,,
1552,6/16/2010 1:15,17.76,0,3.05,,,,
1553,6/16/2010 1:20,17.76,0,3.05,,,,
1554,6/16/2010 1:25,17.76,0,3.05,,,,
1555,6/16/2010 1:30,17.76,0,3.05,,,,
1556,6/16/2010 1:35,17.855,0,3.05,,,,
1557,6/16/2010 1:40,17.855,0,3.05,,,,
1558,6/16/2010 1:45,17.855,0,3.05,,,,
1559,6/16/2010 1:50,17.855,0,3.05,,,,
1560,6/16/2010 1:55,17.855,0,3.05,,,,
1561,6/16/2010 2:00,17.855,0,3.05,,,,
1562,6/16/2010 2:05,17.855,0,3.05,,,,
1563,6/16/2010 2:10,17.855,0,3.05,,,,
1564,6/16/2010 2:15,17.95,0,3.05,,,,
1565,6/16/2010 2:20,17.95,0,3.05,,,,
1566,6/16/2010 2:25,18.045,0,3.05,,,,
1567,6/16/2010 2:30,18.045,0,3.05,,,,
1568,6/16/2010 2:35,18.045,0,3.05,,,,
1569,6/16/2010 2:40,18.045,0,3.05,,,,
1570,6/16/2010 2:45,18.045,0,3.05,,,,
1571,6/16/2010 2:50,17.95,0,3.05,,,,
1572,6/16/2010 2:55,18.045,0,3.05,,,,
1573,6/16/2010 3:00,18.045,0,3.05,,,,
1574,6/16/2010 3:05,18.045,0,3.05,,,,
1575,6/16/2010 3:10,18.045,0,3.05,,,,
1576,6/16/2010 3:15,18.14,0,3.05,,,,
1577,6/16/2010 3:20,18.236,0,3.05,,,,
1578,6/16/2010 3:25,18.711,0,3.05,,,,
1579,6/16/2010 3:30,18.521,0,3.05,,,,
1580,6/16/2010 3:35,18.236,0,3.05,,,,
1581,6/16/2010 3:40,18.14,0,3.05,,,,
1582,6/16/2010 3:45,18.14,0,3.05,,,,
1583,6/16/2010 3:50,18.045,0,3.05,,,,
1584,6/16/2010 3:55,17.95,0,3.05,,,,
1585,6/16/2010 4:00,17.95,0,3.05,,,,
1586,6/16/2010 4:05,17.95,0,3.05,,,,
1587,6/16/2010 4:10,17.855,0,3.05,,,,
1588,6/16/2010 4:15,17.855,0,3.05,,,,
1589,6/16/2010 4:20,17.95,0,3.05,,,,
1590,6/16/2010 4:25,18.045,0,3.05,,,,
1591,6/16/2010 4:30,18.045,0,3.05,,,,
1592,6/16/2010 4:35,18.045,0,3.05,,,,
1593,6/16/2010 4:40,17.95,0,3.05,,,,
1594,6/16/2010 4:45,17.95,0,3.05,,,,
1595,6/16/2010 4:50,17.855,0,3.05,,,,
1596,6/16/2010 4:55,17.855,0,3.05,,,,
1597,6/16/2010 5:00,17.76,0,3.05,,,,
1598,6/16/2010 5:05,17.665,0,3.05,,,,
1599,6/16/2010 5:10,17.665,0,3.05,,,,
1600,6/16/2010 5:15,17.57,0,3.05,,,,
1601,6/16/2010 5:20,17.57,0,3.05,,,,
1602,6/16/2010 5:25,17.475,0,3.05,,,,
1603,6/16/2010 5:30,17.475,0,3.05,,,,
1604,6/16/2010 5:35,17.379,0,3.05,,,,
1605,6/16/2010 5:40,17.379,0,3.05,,,,
1606,6/16/2010 5:45,17.379,32.3,3.05,,,,
1607,6/16/2010 5:50,17.284,21.5,3.05,,,,
1608,6/16/2010 5:55,17.284,43.1,3.05,,,,
1609,6/16/2010 6:00,17.284,86.1,3.05,,,,
1610,6/16/2010 6:05,17.189,118.4,3.05,,,,
1611,6/16/2010 6:10,17.094,226,3.05,,,,
1612,6/16/2010 6:15,17.094,430.6,3.05,,,,
1613,6/16/2010 6:20,17.094,570.5,3.05,,,,
1614,6/16/2010 6:25,16.999,688.9,3.05,,,,
1615,6/16/2010 6:30,16.999,721.2,3.05,,,,
1616,6/16/2010 6:35,16.999,495.1,3.05,,,,
1617,6/16/2010 6:40,16.999,462.9,3.05,,,,
1618,6/16/2010 6:45,16.999,527.4,3.05,,,,
1619,6/16/2010 6:50,16.999,581.3,3.05,,,,
1620,6/16/2010 6:55,16.903,731.9,3.05,,,,
1621,6/16/2010 7:00,16.999,3616.7,3.05,,,,
1622,6/16/2010 7:05,17.189,3961.1,3.05,,,,
1623,6/16/2010 7:10,17.284,4305.6,3.05,,,,
1624,6/16/2010 7:15,17.57,5511.1,3.05,,,,
1625,6/16/2010 7:20,17.855,4822.3,3.05,,,,
1626,6/16/2010 7:25,17.95,5338.9,3.05,,,,
1627,6/16/2010 7:30,18.045,5338.9,3.05,,,,
1628,6/16/2010 7:35,18.14,5166.7,3.05,,,,
1629,6/16/2010 7:40,18.331,5511.1,3.05,,,,
1630,6/16/2010 7:45,18.616,6200,3.05,,,,
1631,6/16/2010 7:50,18.806,6544.5,3.05,,,,
1632,6/16/2010 7:55,19.472,14466.8,3.05,,,,
1633,6/16/2010 8:00,19.187,7577.8,3.05,,,,
1634,6/16/2010 8:05,19.092,7233.4,3.05,,,,
1635,6/16/2010 8:10,19.187,7577.8,3.05,,,,
1636,6/16/2010 8:15,19.377,8266.7,3.05,,,,
1637,6/16/2010 8:20,19.567,9644.5,3.05,,,,
1638,6/16/2010 8:25,19.758,10333.4,3.03,,,,
1639,6/16/2010 8:30,20.234,12400.1,3.03,,,,
1640,6/16/2010 8:35,20.234,10677.8,3.03,,,,
1641,6/16/2010 8:40,20.329,9644.5,3.03,,,,
1642,6/16/2010 8:45,20.71,16533.4,3.03,,,,
1643,6/16/2010 8:50,20.329,2152.8,3.03,,,,
1644,6/16/2010 8:55,19.948,2669.5,3.03,,,,
1645,6/16/2010 9:00,19.758,2497.2,3.03,,,,
1646,6/16/2010 9:05,19.567,2669.5,3.05,,,,
1647,6/16/2010 9:10,19.567,3616.7,3.05,,,,
1648,6/16/2010 9:15,19.567,1550,3.05,,,,
1649,6/16/2010 9:20,19.472,2411.1,3.05,,,,
1650,6/16/2010 9:25,19.377,2497.2,3.05,,,,
1651,6/16/2010 9:30,19.377,1980.6,3.05,,,,
1652,6/16/2010 9:35,19.282,2066.7,3.05,,,,
1653,6/16/2010 9:40,19.282,2066.7,3.05,,,,
1654,6/16/2010 9:45,19.282,4133.4,3.05,,,,
1655,6/16/2010 9:50,19.662,6544.5,3.03,,,,
1656,6/16/2010 9:55,19.567,2755.6,3.05,,,,
1657,6/16/2010 10:00,19.662,5511.1,3.03,,,,
1658,6/16/2010 10:05,19.662,2066.7,3.03,,,,
1659,6/16/2010 10:10,19.472,3444.5,3.05,,,,
1660,6/16/2010 10:15,19.377,4477.8,3.05,,,,
1661,6/16/2010 10:20,19.472,4994.5,3.05,,,,
1662,6/16/2010 10:25,19.567,5166.7,3.05,,,,
1663,6/16/2010 10:30,19.567,7577.8,3.05,,,,
1664,6/16/2010 10:35,19.662,8266.7,3.03,,,,
1665,6/16/2010 10:40,20.138,7233.4,3.03,,,,
1666,6/16/2010 10:45,20.329,10333.4,3.03,,,,
1667,6/16/2010 10:50,20.615,10677.8,3.03,,,,
1668,6/16/2010 10:55,20.805,19289,3.03,,,,
1669,6/16/2010 11:00,21.664,28933.5,3.05,,,,
1670,6/16/2010 11:05,21.473,10677.8,3.05,,,,
1671,6/16/2010 11:10,21.473,26178,3.05,,,,
1672,6/16/2010 11:15,21.855,10333.4,3.05,,,,
1673,6/16/2010 11:20,22.429,27555.7,3.05,,,,
1674,6/16/2010 11:25,23.196,33066.9,3.05,,,,
1675,6/16/2010 11:30,24.351,71644.9,3.05,,,,
1676,6/16/2010 11:35,23.484,15155.7,3.05,,,,
1677,6/16/2010 11:40,22.429,17911.2,3.05,,,,
1678,6/16/2010 11:45,22.142,19977.9,3.05,,,,
1679,6/16/2010 11:50,22.908,26178,3.05,,,,
1680,6/16/2010 11:55,22.333,12400.1,3.05,,,,
1681,6/16/2010 12:00,21.664,8266.7,3.05,,,,
1682,6/16/2010 12:05,21.951,22044.6,3.05,,,,
1683,6/16/2010 12:10,21.951,14466.8,3.05,,,,
1684,6/16/2010 12:15,22.142,14466.8,3.05,,,,
1685,6/16/2010 12:20,22.238,15844.5,3.05,,,,
1686,6/16/2010 12:25,21.855,7577.8,3.05,,,,
1687,6/16/2010 12:30,21.569,9300.1,3.05,,,,
1688,6/16/2010 12:35,21.282,8266.7,3.05,,,,
1689,6/16/2010 12:40,21.473,26178,3.05,,,,
1690,6/16/2010 12:45,26.781,3444.5,3.03,,,,
1691,6/16/2010 12:50,25.805,10.8,3.03,,,,
1692,6/16/2010 12:55,25.125,21.5,3.03,,,,
